Name,Gender,DateOfBirth,Age,Standard,Caste,DropoutStatus,DropoutReason,DropoutPrediction,SchoolJoiningDate,StreamAfter10th,DateLeftSchool
Allan Traynor,Male,1999-10-24,50,11,SC,false,Financial,false,2023-09-11,Science,2023-06-26
Licha Jeanes,Female,2010-04-09,53,3,SC,true,Financial,false,2024-01-20,Arts,2024-01-21
Purcell Stood,Male,1998-12-14,67,1,Other,true,Family,false,2024-04-14,Other,2023-09-21
Gasparo Faas,Male,1996-07-22,26,6,SC,false,Health,true,2023-12-22,Arts,2023-06-13
Hallsy Morales,Male,1993-05-16,22,4,OBC,true,Family,false,2024-03-13,Commerce,2023-08-09
Tate Nealon,Bigender,2003-11-21,41,10,ST,true,Health,false,2024-03-01,Other,2023-12-20
Hercule Quin,Male,2003-02-04,17,2,ST,false,Health,false,2024-02-29,Other,2023-09-21
Chastity Davidavidovics,Female,2018-03-15,12,6,General,true,Financial,false,2023-08-31,Science,2023-12-21
Inez Gegg,Female,2019-07-09,33,9,OBC,false,Other,true,2024-01-12,Commerce,2023-07-31
Berry Meadley,Female,1982-01-08,63,7,SC,false,Financial,false,2023-06-16,Other,2023-05-25
Hamnet Tierny,Male,2012-11-22,33,0,General,false,Other,false,2023-06-06,Arts,2023-11-03
Dillie Lavalde,Male,2002-06-09,30,10,Other,true,Family,true,2023-10-02,Arts,2024-02-07
Redford Iacobo,Male,1998-07-04,44,5,Other,true,Financial,false,2024-03-22,Other,2023-09-03
Forbes Carluccio,Male,1982-12-08,37,11,ST,true,Family,false,2023-09-22,Commerce,2024-01-02
Fidelity Morot,Female,1980-08-15,31,1,Other,true,Family,true,2024-02-11,Science,2023-05-05
Conrado Buist,Agender,2003-07-20,16,5,OBC,true,Financial,true,2023-08-22,Commerce,2024-01-12
Floris Debill,Female,2013-10-21,62,12,OBC,true,Health,false,2023-06-28,Commerce,2023-10-31
Isaac Struan,Male,2016-06-03,36,9,SC,true,Health,true,2023-09-30,Other,2024-04-01
Wendell Goodspeed,Bigender,2015-05-03,70,6,ST,false,Health,true,2023-08-02,Arts,2023-08-17
Abdul Punshon,Male,1990-03-02,66,4,Other,true,Financial,false,2024-03-13,Commerce,2024-02-28
Artemas Hinkensen,Male,1991-02-23,68,3,ST,false,Financial,true,2023-06-09,Science,2023-10-19
Bryn Curcher,Female,2005-12-05,32,10,SC,false,Family,true,2023-11-09,Commerce,2023-11-08
Jonathon Goodhall,Male,1995-08-12,37,10,General,false,Financial,true,2023-10-09,Science,2023-12-11
Joell Midgely,Female,1992-03-10,31,6,OBC,true,Other,true,2024-03-27,Science,2023-11-17
Thornton Botright,Male,1996-04-06,18,4,SC,true,Other,true,2024-04-07,Commerce,2023-12-06
Garnette Pyatt,Genderfluid,2009-08-03,67,8,General,true,Health,false,2024-01-28,Commerce,2023-12-12
Wainwright Coundley,Male,2011-03-27,59,10,ST,false,Family,true,2023-12-17,Other,2023-09-01
Katerine Biskupiak,Agender,1988-01-17,29,0,SC,false,Family,true,2023-09-17,Other,2024-04-06
Aurea Bang,Female,1988-02-24,69,0,ST,true,Family,true,2023-12-31,Other,2024-04-06
Ephrayim Skyner,Male,1980-07-16,23,5,Other,false,Family,true,2024-03-18,Other,2024-04-25
Kasper Hambribe,Male,1980-08-27,47,12,OBC,true,Family,true,2024-02-21,Arts,2023-04-30
Shaun McKerley,Female,2020-01-24,32,1,SC,true,Other,true,2023-11-11,Arts,2023-11-25
Tomi Feldstein,Female,2012-03-25,50,11,ST,false,Financial,true,2023-05-14,Science,2023-09-05
Shaylah Bolmann,Female,2016-03-15,58,10,Other,true,Financial,false,2023-04-30,Commerce,2024-01-28
Charmine Trent,Female,2004-10-22,19,0,OBC,false,Other,false,2023-08-14,Commerce,2023-12-18
Gil Rosini,Male,2012-06-28,58,12,SC,true,Financial,true,2023-09-19,Other,2023-12-26
Bertie Chartres,Agender,2010-03-31,50,6,Other,false,Health,false,2024-03-23,Other,2023-11-16
Jayne Kennon,Female,2013-02-02,37,0,SC,false,Financial,false,2023-12-29,Other,2024-04-23
Angelina Fulleylove,Female,2001-07-17,64,11,General,false,Financial,true,2023-05-04,Commerce,2024-01-02
Berkley Taplin,Male,2019-09-27,33,9,OBC,true,Family,true,2023-09-21,Other,2024-04-21
Nert Orrill,Non-binary,1988-02-14,46,10,Other,false,Financial,true,2023-06-11,Science,2023-07-09
Ethan Tunnah,Male,2015-05-18,61,5,SC,false,Other,false,2024-01-08,Commerce,2023-12-19
Raviv Heims,Male,2013-04-22,33,10,OBC,false,Health,false,2023-07-02,Science,2023-06-17
Karlyn McCrann,Female,1993-10-21,15,8,SC,true,Health,true,2023-11-05,Science,2023-08-31
Sharlene Churn,Genderfluid,2003-01-29,21,7,Other,true,Financial,false,2024-04-22,Science,2023-07-14
Julissa Turnock,Female,2012-10-04,62,5,SC,false,Financial,false,2023-10-22,Commerce,2024-01-29
Cecilia Ludlem,Female,2001-09-21,32,1,Other,false,Financial,true,2023-06-18,Other,2023-11-14
Marla Garlett,Female,1990-08-07,33,4,General,false,Financial,false,2023-06-07,Commerce,2023-09-17
Natty Marcombe,Male,1988-02-07,23,11,General,false,Health,true,2024-04-22,Other,2023-08-11
Griz Keatch,Male,2005-03-17,18,5,Other,true,Family,true,2024-03-19,Other,2024-01-02
Urson Boake,Male,1996-05-21,49,3,Other,false,Other,true,2024-04-11,Science,2023-05-16
Mab Abrashkov,Female,2014-07-12,46,6,OBC,true,Financial,false,2023-12-09,Arts,2024-04-08
Maryann MacGill,Female,2004-09-22,40,11,OBC,false,Other,false,2023-10-31,Arts,2023-07-17
Emmaline Paton,Polygender,2008-03-30,53,3,ST,true,Financial,false,2023-08-13,Arts,2023-09-03
Amalita Crane,Female,2015-03-08,36,4,SC,true,Financial,false,2023-11-13,Other,2024-04-26
Panchito Oneile,Male,1986-10-26,32,3,SC,true,Health,true,2023-12-08,Science,2023-10-15
Gallagher Pashenkov,Male,1995-10-20,66,10,OBC,false,Family,false,2023-07-03,Science,2023-12-10
Prent Korneluk,Genderqueer,2016-04-22,19,6,SC,false,Financial,false,2024-01-21,Commerce,2023-07-18
Gloriane Hatchman,Female,1984-08-13,46,11,OBC,true,Family,true,2024-03-05,Commerce,2023-11-12
Nicko Pleace,Male,1994-01-23,25,4,Other,false,Financial,false,2023-06-13,Science,2023-09-22
Sascha Hemshall,Female,1982-03-04,36,5,OBC,true,Health,false,2023-09-21,Commerce,2023-11-01
Lezlie Isted,Female,2002-09-08,52,7,General,true,Health,false,2023-09-24,Science,2024-01-14
Erin Wheatcroft,Non-binary,2013-08-05,50,3,Other,true,Family,true,2023-06-19,Commerce,2024-01-24
West Fryatt,Male,1981-12-19,39,7,SC,false,Family,true,2023-05-27,Arts,2024-01-20
Betti Broz,Female,1998-11-02,18,12,ST,true,Financial,true,2023-12-14,Other,2023-06-29
Joice Hunn,Female,1986-05-23,32,7,Other,true,Financial,true,2024-02-09,Commerce,2024-01-03
Joannes Pearn,Female,1992-01-19,39,3,OBC,false,Financial,false,2024-01-17,Science,2023-09-26
Mathilde Wedmore.,Female,2005-08-31,22,5,Other,true,Family,true,2024-01-13,Commerce,2023-09-18
Deloris Normand,Female,2015-03-21,15,7,OBC,false,Health,true,2023-09-10,Other,2023-08-09
Vera Dunklee,Female,2000-07-18,19,0,ST,false,Financial,true,2023-08-02,Science,2023-06-07
Benito O'Hanlon,Male,1985-04-26,37,9,OBC,true,Financial,false,2023-07-17,Arts,2024-01-02
Robenia Creane,Bigender,1984-12-18,21,1,ST,true,Financial,false,2024-01-21,Other,2024-01-11
Park Hathwood,Male,1991-06-11,10,10,Other,true,Financial,true,2024-01-26,Science,2023-10-22
Latashia Wayper,Female,2020-02-17,33,4,OBC,true,Family,true,2023-08-13,Commerce,2023-10-10
Boony Dugan,Male,2006-01-15,66,12,SC,false,Health,false,2023-06-28,Other,2023-11-28
Freeland Knifton,Male,1984-02-05,48,4,SC,false,Other,false,2023-10-15,Science,2024-01-15
Marylynne Scoyles,Female,1988-11-28,14,9,General,false,Health,true,2023-05-01,Commerce,2024-04-26
Vonni Detoile,Female,2019-07-06,26,8,Other,false,Financial,false,2024-03-27,Science,2023-07-08
Hynda Boame,Female,2001-08-15,44,0,OBC,true,Other,true,2023-07-23,Arts,2023-11-27
Alia Jantzen,Female,2014-08-23,54,8,SC,false,Health,true,2023-12-01,Other,2023-08-02
Chilton Royse,Male,1998-02-26,19,8,General,true,Other,true,2023-05-29,Other,2024-04-23
Luella Ionnidis,Agender,1999-12-26,15,7,OBC,false,Family,false,2023-06-10,Commerce,2023-11-12
Wendye Phillipson,Female,1988-07-05,17,7,OBC,false,Other,false,2023-10-16,Science,2023-07-26
Angelita Foucher,Agender,1997-12-29,44,8,ST,false,Financial,true,2024-03-31,Arts,2023-12-15
Shina Eisikovitsh,Female,2008-05-12,28,3,OBC,false,Financial,true,2024-03-12,Other,2023-08-09
Donn Albinson,Male,1981-12-28,17,0,OBC,false,Health,false,2024-01-06,Other,2024-02-01
Albina Dukesbury,Female,1993-07-28,27,4,Other,false,Financial,true,2024-03-03,Commerce,2023-10-15
Thaxter Etteridge,Male,1986-10-12,24,9,SC,true,Family,true,2023-06-22,Other,2023-06-14
Jena Reasce,Female,1983-12-05,32,5,SC,false,Financial,false,2023-08-16,Other,2023-06-20
Tim Burchatt,Male,2000-05-03,22,1,ST,false,Other,false,2023-08-26,Science,2023-12-31
Eyde McKall,Female,2003-06-13,54,2,ST,false,Health,true,2024-01-10,Arts,2023-12-25
Waylon Kiddle,Male,2009-01-14,44,2,General,true,Financial,true,2023-11-12,Other,2024-03-07
Inglis Van Arsdall,Male,2008-06-04,68,5,OBC,false,Health,true,2023-09-05,Other,2023-09-23
Curr Featenby,Male,2016-05-18,20,8,ST,false,Family,true,2024-03-25,Other,2023-11-04
Katherine Coda,Female,2011-11-29,17,8,SC,true,Health,true,2024-03-13,Other,2023-09-07
Wandis Ivanaev,Female,1999-10-09,54,2,SC,false,Health,true,2023-08-06,Other,2023-08-13
Mallory Titmuss,Male,2019-03-16,59,0,OBC,false,Other,false,2023-06-22,Science,2024-02-19
Rodge De Paepe,Male,2000-04-25,36,4,General,true,Health,false,2023-12-08,Commerce,2024-02-23
Mildred Pumfrett,Female,1980-10-05,25,6,SC,false,Financial,false,2024-02-07,Commerce,2023-12-05
Jacki Cordelette,Female,2016-10-14,44,9,Other,false,Other,false,2023-10-19,Commerce,2024-02-07
Jeniffer Shalloo,Female,1996-11-08,14,3,ST,false,Health,false,2023-08-24,Commerce,2023-07-03
Trula Iwanczyk,Genderfluid,2007-05-01,55,0,SC,false,Health,true,2023-08-28,Commerce,2023-07-17
Charleen Heaysman,Female,1988-06-29,62,4,ST,false,Other,true,2023-06-24,Arts,2023-11-07
Pacorro Ellissen,Male,1988-12-01,50,1,General,true,Other,true,2023-07-29,Commerce,2023-12-01
Meredithe Turtle,Female,1980-07-25,43,8,General,true,Other,false,2023-12-14,Commerce,2023-06-18
Lianne Grasser,Female,2002-04-06,26,10,SC,false,Family,false,2024-02-18,Science,2024-01-02
Arte Coslett,Polygender,1999-04-16,10,8,Other,false,Health,false,2023-12-12,Science,2023-06-19
Brook Ivanenkov,Male,2013-05-01,41,2,OBC,false,Health,false,2023-06-01,Science,2023-11-02
Odell Fatkin,Male,2008-09-08,37,1,OBC,true,Other,false,2023-10-31,Commerce,2023-08-31
Talyah Waller-Bridge,Female,1992-02-06,65,10,ST,false,Other,false,2023-06-28,Commerce,2023-08-01
Trixy Laight,Female,2005-08-21,43,0,SC,true,Health,false,2023-09-21,Other,2023-11-22
Baryram Cowgill,Male,2008-08-19,52,9,General,false,Health,true,2023-07-13,Other,2023-08-17
Chrystal Strangman,Female,1981-01-02,11,9,SC,false,Other,true,2023-10-24,Commerce,2023-07-15
Lorant Doerffer,Male,1996-10-31,46,2,Other,false,Family,false,2024-04-29,Arts,2023-06-14
Kermit Bennington,Male,1996-11-24,22,8,SC,false,Health,false,2023-10-12,Science,2023-11-10
Hope Barthelemy,Female,1983-06-01,21,9,Other,false,Financial,false,2023-08-30,Arts,2023-10-25
Vincenz Joder,Male,2019-05-23,52,6,Other,true,Financial,true,2023-10-18,Arts,2023-08-14
Tristan Eddie,Male,2004-11-30,47,3,Other,true,Other,true,2023-09-29,Other,2024-02-14
Ailene Menichino,Female,2000-03-04,22,11,SC,true,Family,true,2023-08-11,Science,2024-01-26
Lenora Garmon,Female,1984-10-31,13,5,OBC,true,Other,true,2023-12-18,Arts,2024-02-08
Lombard Howbrook,Male,1997-06-05,13,2,SC,false,Other,true,2024-01-24,Arts,2023-05-07
Elmo Fost,Male,2007-12-30,40,0,OBC,false,Health,true,2023-12-01,Science,2024-04-04
Chanda Nuccitelli,Female,1992-10-24,24,11,SC,false,Financial,false,2023-10-23,Commerce,2024-04-16
Grace Matas,Female,2009-02-14,33,4,SC,false,Financial,false,2023-04-30,Science,2023-09-30
Aretha Breddy,Female,1983-01-04,70,11,General,true,Financial,true,2024-03-09,Science,2023-09-02
Gerrard Pickvance,Male,2019-07-18,63,8,OBC,true,Family,true,2024-02-23,Other,2023-07-17
Giusto Petto,Male,2005-11-24,36,7,ST,false,Family,true,2023-10-06,Arts,2024-01-12
Jeff Gerty,Male,1981-07-06,32,2,Other,false,Family,false,2023-11-28,Science,2023-06-06
Davide McCutcheon,Male,1988-04-12,36,10,OBC,true,Financial,false,2023-05-24,Arts,2023-12-29
Carole Farrears,Female,2007-08-16,64,7,OBC,false,Health,true,2024-04-27,Other,2023-05-05
Ewart Foxley,Male,1994-07-28,56,7,General,false,Health,true,2024-02-29,Science,2023-11-09
Poul Clemas,Male,1982-04-04,16,9,General,true,Other,true,2023-11-30,Other,2023-06-25
Fitzgerald Wrankmore,Male,1999-04-15,12,9,ST,true,Other,false,2023-10-04,Science,2024-04-16
Guillema Banstead,Female,2002-06-05,42,6,General,true,Financial,false,2023-10-14,Other,2023-11-03
Barbabra Blazevic,Female,2002-12-28,39,4,SC,false,Financial,false,2023-09-13,Other,2023-10-02
Kelci Avramovsky,Female,2002-02-27,11,3,Other,false,Other,true,2023-10-08,Other,2024-04-27
Kip Wagerfield,Male,2017-11-25,55,4,SC,true,Health,true,2023-07-23,Commerce,2023-09-24
Mair Dawtrey,Female,1993-07-26,52,5,ST,false,Family,true,2023-07-27,Other,2024-01-26
Kristofer Tomicki,Male,1996-08-31,49,7,ST,false,Family,true,2023-09-13,Commerce,2023-08-18
Erik Falconbridge,Male,2002-03-05,58,7,General,true,Health,false,2024-04-09,Commerce,2023-06-10
Ilse Semrad,Female,1991-03-10,45,12,Other,true,Family,true,2023-06-10,Arts,2023-10-26
Bendicty Itzkovwitch,Male,2003-03-05,47,5,ST,true,Other,true,2023-11-03,Arts,2023-11-25
Alicia Badgers,Female,2002-03-02,30,9,OBC,false,Family,false,2023-08-26,Other,2024-01-19
Maia Benettolo,Female,1993-09-03,51,7,General,true,Family,false,2023-11-15,Commerce,2023-06-16
Steffen Mulcaster,Bigender,2019-05-07,49,1,OBC,false,Family,true,2024-01-02,Science,2024-01-30
Patin Laughtisse,Male,1982-06-08,65,2,Other,false,Other,false,2023-08-13,Commerce,2024-01-23
Rikki Moggle,Male,1984-01-12,28,3,ST,true,Health,false,2023-10-24,Science,2023-06-30
Gertrude Dei,Female,2003-06-30,70,2,General,false,Financial,true,2023-11-08,Other,2024-04-27
Renata Sturman,Female,1985-08-24,40,3,OBC,true,Health,false,2023-10-24,Commerce,2023-09-07
Vaclav Bodycombe,Male,1992-12-17,20,6,General,false,Other,false,2024-03-24,Other,2023-06-12
Calla Mosley,Female,1999-10-21,34,8,OBC,true,Other,true,2023-10-11,Arts,2023-09-10
Rolando Turpin,Male,2018-11-01,70,5,OBC,false,Health,false,2023-05-25,Other,2024-03-21
Lucita Allitt,Female,2011-10-17,57,11,Other,true,Other,true,2023-10-16,Science,2024-01-11
Roselle Dionis,Female,2017-03-07,10,4,SC,false,Health,true,2023-08-06,Commerce,2023-10-30
Ulises Paradine,Male,1991-07-13,67,10,SC,false,Family,true,2023-09-14,Commerce,2023-11-14
Corbet Tift,Male,2011-07-05,39,1,General,true,Financial,false,2024-02-06,Commerce,2024-02-19
Ambrose Paviour,Male,2009-04-27,28,7,OBC,true,Family,true,2023-09-18,Science,2024-01-27
Netty Crackett,Female,2016-07-13,15,1,OBC,false,Family,false,2024-01-31,Science,2024-02-15
Muire Tuxill,Female,2016-04-29,43,6,Other,true,Financial,true,2023-07-14,Commerce,2023-09-16
Miranda Lowrance,Female,1994-12-20,65,4,SC,false,Health,true,2024-02-02,Arts,2024-01-19
Danika Hanmore,Female,2004-09-11,15,1,ST,true,Other,false,2024-03-27,Arts,2023-05-15
Mandy Liddle,Female,1997-08-13,47,3,Other,true,Health,true,2023-07-20,Other,2023-10-09
Colet Olexa,Male,2000-11-23,63,3,ST,true,Other,true,2023-12-26,Commerce,2023-12-31
Joseph Ranyell,Male,2003-07-14,34,2,ST,false,Financial,true,2023-07-01,Science,2024-04-28
Donni Steel,Female,1997-09-11,13,9,Other,true,Other,true,2024-04-11,Science,2024-02-17
Mathias Menichi,Genderqueer,1984-09-24,63,7,ST,true,Other,false,2024-02-12,Other,2023-10-17
Danit Ghion,Female,1985-09-20,24,7,General,false,Family,false,2024-03-23,Arts,2023-11-14
Adoree Gantzman,Female,2005-07-02,55,7,General,true,Financial,true,2023-06-02,Other,2023-10-17
Aldis Cleyburn,Male,2003-02-28,49,3,General,true,Financial,false,2024-04-09,Science,2023-08-15
Ingeborg Dewhirst,Female,2017-10-28,61,3,Other,true,Financial,false,2023-05-02,Commerce,2024-02-26
Trude Lester,Genderqueer,1996-10-08,41,9,General,false,Other,true,2023-10-06,Commerce,2023-08-28
Morna Worham,Female,2001-06-08,15,4,Other,true,Health,false,2023-06-07,Commerce,2023-05-20
Sofia Suddaby,Female,2017-04-22,68,2,OBC,true,Family,true,2023-06-01,Commerce,2023-12-23
Olive Arderne,Female,1988-08-30,41,4,General,false,Other,false,2024-02-24,Arts,2023-08-11
Jasmina Sellman,Bigender,1986-10-27,31,8,SC,true,Health,true,2023-08-24,Science,2024-03-24
Korella Wehden,Female,1996-06-29,18,8,OBC,true,Health,true,2024-03-16,Science,2024-01-06
Gregor Cana,Non-binary,2002-09-15,70,12,Other,false,Family,true,2023-10-17,Science,2024-03-06
Zeke Laite,Genderfluid,2008-06-11,49,1,SC,false,Family,true,2024-03-06,Other,2023-11-21
Shae Lodwig,Male,2013-10-07,54,10,Other,false,Financial,true,2023-12-27,Other,2023-05-11
Wallis Sivyer,Male,1986-02-05,22,6,ST,true,Health,true,2023-08-28,Science,2023-12-15
Lukas Sarle,Male,1992-10-02,21,9,OBC,false,Family,false,2023-12-14,Commerce,2023-11-24
Georgetta Belshaw,Female,2010-04-10,10,5,ST,true,Other,false,2023-05-28,Arts,2023-12-19
Elysia Willerstone,Female,1999-11-26,66,8,OBC,true,Health,true,2023-09-05,Commerce,2023-05-16
Kenna Goodlad,Female,1982-03-27,24,5,Other,true,Other,false,2023-05-16,Other,2024-01-16
Nahum Taye,Male,1986-07-19,29,2,ST,false,Family,true,2023-04-30,Commerce,2023-12-08
Buddie Furlonge,Male,2002-10-27,66,0,SC,true,Family,true,2023-05-17,Arts,2023-12-09
Selig Bilam,Male,2000-05-22,43,6,OBC,false,Financial,true,2023-08-09,Other,2024-03-26
Silvio Oldknowe,Male,2013-05-29,48,6,General,false,Financial,false,2024-03-12,Arts,2023-06-17
Gertrude Dimbleby,Female,2015-08-28,61,12,SC,false,Health,true,2024-03-19,Arts,2023-10-23
Cece Portugal,Male,2000-01-21,60,9,General,true,Family,true,2023-11-15,Science,2023-05-24
Antonino Tale,Male,1997-11-21,23,3,OBC,true,Health,false,2023-10-19,Commerce,2023-05-30
Dick Boase,Male,2011-02-05,56,7,ST,true,Other,false,2023-05-08,Science,2023-12-02
Aurora Glayzer,Genderfluid,1995-08-29,18,7,Other,false,Family,false,2023-10-26,Commerce,2023-08-01
Ivonne Crack,Female,1998-10-26,57,0,SC,true,Other,false,2024-03-13,Other,2023-08-02
Alikee Faulds,Female,1986-09-09,36,6,ST,false,Health,false,2024-04-22,Other,2024-01-06
Ezra Kinnier,Non-binary,2020-01-17,27,0,OBC,false,Health,true,2023-11-04,Science,2023-07-12
Maurice Cropp,Male,1998-05-23,39,2,General,true,Family,false,2023-09-05,Other,2023-07-23
Yasmeen Jordeson,Female,2002-02-21,10,11,General,true,Other,false,2023-12-17,Science,2023-08-10
Brucie Cumbridge,Male,1995-06-28,17,5,OBC,true,Financial,true,2023-05-14,Other,2023-05-18
Maddy MacCall,Female,1997-12-14,47,9,Other,true,Health,false,2023-11-09,Science,2023-06-28
Norton Carrodus,Male,1985-11-25,27,8,Other,true,Health,true,2023-07-14,Arts,2024-04-22
Leann Starbeck,Non-binary,1981-03-14,38,9,ST,false,Other,true,2023-11-20,Arts,2023-08-15
Francine Cookney,Female,1981-11-20,14,0,General,true,Health,false,2024-01-04,Other,2023-10-18
Lydie Cavozzi,Female,2012-02-14,34,2,SC,true,Family,true,2023-07-09,Other,2023-10-29
Thedric Spencer,Male,1985-02-24,61,10,Other,false,Other,true,2024-01-19,Commerce,2023-08-13
Witty Medd,Male,1981-05-26,65,6,SC,true,Family,false,2023-05-19,Science,2024-01-21
Adriane Chiverstone,Female,2017-12-12,59,3,ST,false,Health,true,2023-10-28,Other,2023-07-12
Rosalia Branford,Female,1999-03-21,43,9,ST,false,Family,true,2023-06-17,Commerce,2023-05-30
Sonnie O'Shiel,Female,1994-01-31,10,10,Other,false,Financial,false,2023-08-28,Arts,2023-09-18
Norine Lody,Female,2006-09-14,19,5,Other,true,Financial,false,2024-04-20,Arts,2023-11-14
Garrard Trusty,Male,1997-04-26,63,1,OBC,true,Other,false,2023-12-13,Science,2023-05-28
Tiphanie Matkin,Agender,2018-08-18,63,2,ST,false,Other,false,2023-11-28,Science,2023-07-25
Clemmie Narbett,Female,1994-02-16,70,4,ST,false,Other,false,2024-01-06,Arts,2023-07-14
Evyn Crankhorn,Male,1993-03-26,47,12,ST,false,Financial,false,2023-05-07,Science,2024-03-06
Beauregard Kefford,Male,2008-01-06,37,2,Other,false,Family,true,2023-09-01,Other,2024-02-22
Marley Gallop,Female,1998-03-20,29,8,General,false,Financial,false,2024-04-09,Arts,2024-01-24
Cornie Jeannard,Female,1987-01-16,10,6,OBC,false,Financial,true,2023-09-28,Commerce,2024-02-16
Carita De Winton,Female,2001-12-28,19,7,SC,false,Family,false,2023-07-11,Science,2023-11-23
Hewett Jeaffreson,Male,1993-10-13,15,6,SC,true,Health,false,2023-11-06,Commerce,2023-07-24
Sonia Georgius,Female,2017-05-18,66,0,General,true,Family,false,2023-12-28,Commerce,2023-08-24
Emmet Vaillant,Male,1998-02-18,25,1,ST,false,Other,false,2023-07-12,Other,2023-07-05
Elene Bedinn,Female,2019-08-24,31,9,Other,false,Financial,false,2023-07-07,Commerce,2023-12-11
Fancie Baldick,Female,2015-09-30,49,7,OBC,true,Other,true,2023-08-02,Arts,2024-03-02
Mohammed Stopp,Male,2019-09-12,54,3,Other,true,Other,true,2023-11-27,Commerce,2024-03-21
Sianna Andrzejak,Female,1995-04-30,48,7,OBC,true,Other,true,2023-11-22,Commerce,2023-09-18
Kathy Daviddi,Female,1980-11-26,66,10,Other,false,Other,true,2023-10-28,Science,2023-08-27
Cornelius Sitford,Male,1980-11-26,64,11,Other,true,Health,true,2023-08-05,Other,2023-12-09
Benedikt Debow,Male,2007-10-04,65,6,Other,false,Family,true,2023-07-31,Other,2024-03-07
Lianna Guiso,Female,1986-07-02,31,4,General,true,Financial,false,2024-02-06,Science,2023-09-09
Chlo Readitt,Female,1993-02-18,67,0,General,true,Health,false,2024-04-09,Science,2023-10-21
Ralf Brigshaw,Male,2018-08-24,36,12,Other,true,Health,false,2023-07-13,Arts,2024-01-04
Moses Shallcrass,Male,2016-09-13,48,1,Other,true,Financial,true,2023-10-05,Arts,2024-03-19
Katrina Dumphreys,Female,1983-12-11,54,11,ST,false,Health,false,2024-01-16,Other,2023-06-23
Letta Drewitt,Female,2018-04-01,24,4,OBC,true,Family,true,2024-02-28,Commerce,2024-04-02
Harriot Chirm,Female,1998-02-23,21,7,OBC,false,Health,true,2023-08-19,Commerce,2024-04-09
Ruddy Gilhoolie,Male,1991-06-30,59,6,OBC,false,Other,false,2024-01-01,Other,2023-06-17
Currie Sidery,Male,1997-05-31,37,6,Other,true,Health,true,2023-05-23,Arts,2023-11-06
Zachariah Chaize,Male,2006-12-23,59,2,Other,false,Health,false,2023-11-09,Science,2024-02-09
Wainwright O'Kieran,Male,2006-08-12,69,5,ST,false,Family,true,2024-03-22,Arts,2023-05-12
Doug Dallison,Male,1985-07-03,14,11,Other,true,Family,false,2024-03-06,Science,2024-02-08
Morganne Meadley,Female,1994-02-26,16,6,SC,false,Family,true,2024-02-04,Other,2023-05-25
Tammara Koche,Female,2003-01-12,60,9,SC,true,Financial,false,2023-09-07,Commerce,2023-05-10
Marcela Sarfass,Female,2000-06-18,38,6,ST,true,Other,true,2023-10-23,Commerce,2023-07-20
Hendrick Mc Menamin,Male,1983-06-21,61,2,General,false,Financial,false,2024-04-17,Arts,2023-09-01
Petey Hehir,Polygender,1998-06-30,49,8,SC,false,Other,false,2023-07-20,Commerce,2023-06-15
Reggy McFeat,Male,2003-11-22,15,5,OBC,false,Family,false,2023-09-23,Commerce,2024-01-09
Nicol Cregg,Female,2014-08-26,13,12,Other,false,Other,false,2023-11-21,Arts,2023-05-23
Domenico Deakan,Male,2009-04-19,20,0,OBC,false,Family,false,2023-08-06,Commerce,2023-10-29
Elianora Thorsby,Female,2000-03-08,19,7,SC,false,Family,true,2023-05-27,Arts,2023-06-11
Leroi Stopher,Male,2014-04-17,36,12,Other,true,Financial,false,2023-10-19,Other,2024-01-18
Clayborn Shergill,Male,2015-09-13,34,0,OBC,false,Financial,false,2024-04-28,Commerce,2024-04-16
Beverlee Ferreres,Female,2008-06-21,11,10,ST,false,Health,false,2023-05-12,Arts,2023-07-15
Daron Grafom,Male,2009-10-07,45,7,OBC,false,Financial,false,2024-04-04,Other,2023-05-30
Raynard Penning,Polygender,1989-05-18,45,6,General,false,Health,true,2024-02-20,Science,2023-05-06
Shep Fitzharris,Male,1987-03-15,15,9,OBC,true,Financial,true,2024-02-01,Other,2023-05-25
Mahala Gotts,Female,1981-10-05,32,8,OBC,true,Other,false,2024-02-13,Other,2023-08-27
Isiahi Kenward,Male,2005-07-07,13,9,Other,false,Financial,false,2024-03-05,Science,2023-05-13
Cointon Glashby,Male,2018-02-28,40,5,General,true,Financial,false,2024-02-19,Science,2023-07-16
Betta McCurrie,Female,1984-07-04,53,10,OBC,true,Health,true,2023-10-17,Commerce,2023-12-24
Creighton Phillips,Male,2005-09-24,51,8,ST,false,Family,true,2023-08-03,Science,2024-01-08
Ronalda Oxborrow,Genderfluid,1983-01-12,45,12,SC,true,Family,false,2023-09-02,Commerce,2024-02-21
Tracy Kaspar,Female,2008-06-13,44,0,Other,true,Health,false,2023-12-07,Commerce,2024-01-28
Tito Kramer,Male,2016-10-14,45,12,General,false,Other,false,2024-04-06,Science,2023-06-23
Romona Keal,Female,1984-07-04,53,6,Other,true,Financial,false,2023-06-16,Arts,2023-10-24
Meghann Rogez,Female,2004-09-09,12,5,General,false,Health,true,2023-05-16,Science,2024-03-31
Justin Ruddiman,Male,2017-08-12,15,3,Other,true,Financial,true,2024-02-16,Arts,2024-04-22
Isabel Bene,Female,1998-07-02,16,1,General,false,Financial,true,2023-07-11,Other,2024-02-27
Briant Dufaire,Male,2013-05-02,60,8,Other,true,Health,false,2024-01-05,Science,2024-03-08
Leonid Gillott,Male,1983-04-16,11,8,ST,false,Family,true,2024-01-01,Science,2024-02-22
Alica Gherardesci,Female,2012-03-25,49,12,ST,true,Other,true,2023-09-03,Other,2023-10-20
Polly McEnteggart,Female,1983-03-06,48,11,OBC,false,Health,false,2023-08-19,Commerce,2023-05-21
Steward Vousden,Male,2015-08-09,31,5,ST,true,Health,true,2023-12-14,Arts,2023-08-10
Luelle Alleyne,Female,2018-10-07,10,6,SC,true,Health,false,2023-10-13,Science,2024-02-27
Sherman Cotman,Male,1993-07-21,31,7,Other,false,Health,false,2023-08-31,Arts,2023-05-01
Orrin Fassbender,Male,1994-06-27,55,9,SC,true,Financial,true,2023-12-31,Other,2023-09-03
Bobine Coultas,Female,2018-03-25,21,1,SC,true,Other,true,2024-01-18,Commerce,2024-03-08
Marlane Chetwind,Female,1992-10-20,56,4,Other,false,Financial,true,2023-07-19,Science,2024-01-24
Shantee Ridgway,Female,2014-05-02,35,6,OBC,true,Health,false,2023-07-27,Other,2024-03-20
Chaddie Alstead,Male,2001-08-04,67,11,Other,true,Other,false,2023-11-04,Arts,2023-11-21
Carmelle Naughton,Female,1997-12-16,70,11,ST,false,Family,true,2024-03-17,Commerce,2024-03-21
El Roos,Male,2006-01-14,64,2,OBC,true,Financial,false,2024-04-16,Commerce,2023-10-21
Jacobo Leeves,Male,1985-11-29,55,3,General,false,Financial,true,2024-02-12,Arts,2023-07-02
Aguste Frankema,Polygender,1984-06-22,38,5,Other,false,Health,true,2023-07-11,Commerce,2023-11-11
Valida Beers,Female,1986-12-30,64,4,SC,true,Financial,true,2023-10-27,Commerce,2024-01-05
Lynnell Pendlington,Female,1999-03-28,38,7,Other,true,Family,true,2023-12-09,Science,2023-12-04
Bradan Benham,Male,1986-02-20,29,5,ST,true,Family,true,2023-09-09,Other,2023-09-20
Winna McQuillin,Bigender,2014-11-15,19,7,Other,true,Health,true,2023-06-03,Commerce,2024-01-23
Delbert Ridde,Male,2017-06-17,45,9,OBC,false,Other,true,2023-12-06,Commerce,2023-10-16
Colleen Frisby,Non-binary,1990-09-09,41,2,OBC,false,Financial,false,2023-11-20,Other,2024-04-09
Wendell Emloch,Male,2016-08-21,10,7,General,true,Other,true,2023-08-21,Science,2023-06-25
Neal Worboy,Male,2007-02-04,14,2,Other,true,Family,false,2023-07-22,Arts,2023-11-23
Shane Youngs,Male,2009-12-26,59,8,ST,true,Financial,false,2023-10-24,Commerce,2023-08-19
Daile Cutchie,Genderfluid,1997-10-10,67,2,General,true,Financial,true,2023-11-12,Commerce,2023-08-19
Vito Johantges,Male,1987-01-12,52,4,ST,true,Health,false,2024-03-23,Commerce,2023-11-30
Keelia Bramont,Female,1982-10-26,32,0,Other,true,Financial,true,2024-01-29,Arts,2023-07-29
Maisey Axton,Female,1984-05-31,57,9,ST,false,Family,true,2023-10-28,Commerce,2023-10-21
Belvia Wressell,Female,2007-02-19,32,9,General,true,Family,true,2023-11-14,Commerce,2023-08-01
Michell Bamford,Female,1989-07-02,56,1,Other,false,Family,true,2024-03-11,Other,2023-09-08
Krystle Biscomb,Polygender,1999-11-12,26,1,ST,true,Financial,true,2023-12-03,Science,2023-06-14
Merrick Gother,Male,2001-11-27,10,11,ST,false,Financial,false,2024-02-15,Science,2023-05-24
Klaus Jury,Male,2003-03-16,14,1,General,false,Family,true,2023-05-29,Science,2023-08-05
Oby Canlin,Male,1991-02-01,40,5,ST,true,Health,false,2024-02-05,Arts,2023-10-27
Hervey Soppit,Male,1998-03-19,43,12,Other,false,Health,true,2023-12-02,Other,2023-09-11
Alys Readwin,Female,2011-05-05,10,8,Other,true,Health,true,2024-01-04,Commerce,2023-07-07
Colan Kitchenham,Male,1997-09-04,22,12,ST,true,Health,true,2023-08-30,Other,2024-01-30
Mel Petrovykh,Female,1986-11-10,65,7,OBC,true,Financial,false,2023-12-18,Science,2023-08-02
Leonelle Whenham,Female,1984-06-27,55,11,OBC,true,Financial,true,2023-08-31,Commerce,2023-12-15
Fonzie Doughartie,Male,1994-09-22,61,5,General,false,Financial,true,2024-04-29,Other,2023-06-10
Sid Wildin,Male,2008-06-17,48,0,General,true,Other,true,2023-09-22,Commerce,2023-05-21
Thatcher Huertas,Male,1987-10-19,12,7,SC,false,Family,true,2023-08-26,Science,2023-11-27
Dewey Zanotti,Male,2001-04-14,39,1,OBC,false,Health,false,2023-06-23,Arts,2024-02-20
Kahlil Franciskiewicz,Male,2012-01-26,26,12,General,false,Health,true,2023-09-26,Arts,2023-05-04
Corbet Perico,Male,1996-03-13,58,4,General,false,Family,true,2023-05-12,Science,2023-11-10
Myrah Heppenspall,Female,2018-08-29,39,0,OBC,false,Financial,false,2023-07-12,Commerce,2024-02-14
Burnaby Godspede,Male,2010-08-19,11,5,Other,true,Family,false,2024-01-04,Arts,2024-03-02
Vally Curcher,Female,1997-04-13,43,1,OBC,true,Other,true,2024-02-04,Other,2023-08-06
Ashley Hospital,Female,2020-01-16,70,3,OBC,false,Family,false,2024-03-30,Science,2023-12-24
Rubin Beall,Male,2018-03-07,25,2,Other,false,Other,false,2023-10-19,Commerce,2023-12-16
Archibaldo Klaas,Bigender,1989-11-25,35,1,ST,true,Family,false,2023-08-10,Arts,2024-02-18
Herb Dachs,Male,1980-11-05,18,4,ST,true,Financial,false,2024-02-26,Other,2023-10-22
Ludvig Dumberell,Male,2016-03-01,16,8,Other,true,Family,false,2023-08-29,Science,2024-01-22
Augustine Donnel,Male,2016-12-13,30,8,General,false,Family,false,2024-01-31,Science,2024-03-27
Emmet Snaden,Male,2003-03-27,68,8,ST,false,Financial,false,2023-12-05,Other,2024-03-12
Erminie Ciccottini,Agender,2009-11-09,40,6,OBC,false,Health,false,2023-11-19,Arts,2023-07-25
Felita Rains,Female,1999-04-02,23,6,OBC,false,Health,true,2024-01-19,Science,2024-03-15
Timmy Jurkiewicz,Male,1995-04-13,37,4,ST,true,Other,true,2023-12-04,Arts,2024-03-18
Sharla Vonasek,Bigender,1993-07-29,69,2,General,false,Financial,false,2023-11-16,Commerce,2023-05-24
Simone Nelthorpe,Female,1993-10-24,47,12,SC,false,Health,true,2024-01-05,Other,2024-01-25
Martelle Shepherd,Female,1988-11-02,24,4,OBC,true,Other,true,2023-05-05,Commerce,2023-08-13
Audrie Barltrop,Female,1984-11-08,50,10,OBC,true,Health,false,2024-03-10,Other,2023-08-30
Zerk Montes,Male,2008-05-15,37,8,OBC,true,Financial,false,2024-03-29,Arts,2024-01-02
Norean Kearns,Female,2010-11-21,36,5,SC,true,Family,true,2023-06-29,Other,2024-01-07
Erminie Chaim,Female,1999-01-21,42,3,General,true,Health,false,2023-11-06,Science,2024-04-09
Kilian Worham,Male,1987-07-06,45,7,SC,false,Health,true,2023-10-03,Science,2023-06-17
Lily Nolte,Female,1988-05-19,42,11,OBC,true,Health,false,2024-02-16,Science,2024-03-23
Marion Breit,Male,2004-07-15,55,12,SC,false,Financial,false,2023-10-29,Science,2023-12-01
Minetta Torvey,Female,2013-12-31,37,5,Other,false,Family,true,2023-06-11,Other,2024-04-28
Barn Thandi,Male,1982-08-22,39,1,SC,true,Family,true,2023-10-20,Other,2023-08-07
Modesty Allmann,Female,2007-06-18,13,12,OBC,true,Financial,true,2024-02-15,Science,2023-09-22
Betsey Lamplugh,Female,2015-08-22,36,0,ST,false,Family,true,2023-07-05,Science,2024-01-27
Vassily Grainger,Male,2009-06-10,37,8,Other,false,Financial,false,2024-03-02,Science,2024-01-31
Therese Kivelhan,Female,2013-04-21,39,1,Other,true,Family,false,2024-01-22,Science,2023-11-19
Otis Pirri,Male,1994-04-29,22,11,Other,true,Other,false,2023-06-06,Other,2023-05-22
Giselbert Rimer,Male,1982-03-08,10,10,SC,true,Family,true,2024-02-19,Science,2023-09-30
Pembroke Vigours,Male,1991-01-14,41,8,ST,true,Other,false,2023-09-30,Commerce,2024-04-29
Bertrando Priden,Genderqueer,1992-11-16,29,0,ST,false,Family,true,2023-06-21,Arts,2024-02-27
Michelina Helstrom,Female,1999-05-04,60,3,General,true,Family,true,2023-06-12,Arts,2023-07-15
Blanch Gilliam,Bigender,2018-09-19,58,5,ST,false,Family,true,2023-05-26,Science,2024-04-23
Tess Blaber,Female,1983-12-28,56,9,OBC,true,Family,true,2024-01-24,Other,2023-09-12
Svend Clurow,Male,1987-01-20,57,1,OBC,true,Health,false,2023-10-21,Commerce,2023-08-15
Elfrieda Darbey,Female,1983-11-02,42,4,OBC,true,Financial,false,2024-01-28,Other,2024-04-14
Lucian McCormack,Male,1992-05-27,36,4,ST,true,Financial,false,2023-10-25,Commerce,2024-04-14
Monty Provost,Male,2009-09-10,45,11,Other,false,Other,true,2024-02-17,Commerce,2024-01-29
Chad Jerams,Female,2004-12-22,50,11,ST,false,Other,false,2024-02-28,Science,2024-04-28
Gabie Ellerker,Female,2005-03-12,33,1,OBC,false,Family,false,2024-01-22,Arts,2024-03-19
Agneta Dimitresco,Female,1994-02-28,34,10,SC,true,Financial,false,2024-03-18,Other,2023-09-17
Kennedy Braksper,Male,1991-04-08,25,12,SC,true,Financial,true,2023-07-24,Science,2023-05-22
Etta MacNeish,Female,1985-12-21,51,2,OBC,true,Financial,true,2023-05-31,Science,2023-10-25
Wye Duddin,Male,1997-09-19,48,0,OBC,false,Financial,true,2023-10-14,Arts,2023-05-02
Fayth Tomaino,Female,2011-10-30,32,5,ST,true,Health,true,2023-06-23,Arts,2023-10-19
Garnette Lavielle,Female,1992-04-07,63,12,Other,false,Other,false,2023-08-11,Arts,2023-10-03
Julee Beastall,Female,1992-05-25,15,12,SC,true,Family,false,2024-03-03,Other,2023-10-16
Vivianna St. Louis,Female,1984-08-31,27,3,OBC,true,Family,false,2024-04-12,Commerce,2023-11-26
Milli Garces,Female,2009-07-19,30,9,ST,true,Health,false,2024-03-01,Other,2023-05-20
Rodrick Kersley,Male,2000-06-16,32,9,ST,false,Family,false,2023-10-25,Arts,2023-06-22
Candace Poor,Female,1989-04-01,31,7,ST,true,Health,false,2024-04-20,Science,2023-07-15
Ofella Machans,Female,2005-11-10,16,6,OBC,false,Health,false,2024-04-09,Science,2024-01-25
Lesley Cabrera,Female,1988-02-25,31,9,General,false,Financial,true,2023-07-01,Science,2024-01-03
Casi Le Jean,Female,2006-12-03,11,7,General,false,Family,false,2023-06-10,Other,2023-11-19
Kaylee Rickarsey,Female,2001-11-07,67,1,Other,false,Financial,true,2023-11-28,Science,2023-11-03
Alisha Hungerford,Female,1994-09-01,41,6,ST,true,Other,true,2023-06-25,Arts,2023-08-11
Fonzie Wankling,Male,2011-10-03,18,10,Other,false,Family,true,2023-09-18,Other,2024-02-05
Lonna Rootes,Female,1995-05-22,63,12,General,false,Family,false,2023-11-23,Science,2023-05-15
Marven Please,Male,1994-04-24,27,1,SC,false,Health,false,2023-05-23,Science,2023-12-18
Marigold Spinige,Female,2007-04-30,10,1,General,true,Health,false,2023-10-05,Commerce,2024-02-20
Gallagher Faithfull,Male,1984-03-14,32,7,ST,false,Other,true,2023-11-03,Arts,2024-03-02
Fayina Putten,Female,2009-03-14,40,5,General,true,Health,false,2023-09-27,Other,2023-08-25
Durward Jacobsen,Male,1987-06-05,34,3,OBC,false,Family,false,2023-07-14,Other,2024-02-16
Darelle Sweet,Female,1992-12-22,53,9,Other,true,Financial,false,2023-08-02,Commerce,2023-10-07
Myranda Rotlauf,Female,2018-12-12,68,3,SC,true,Health,true,2023-08-11,Arts,2024-04-17
Henryetta Kalaher,Female,2002-04-19,68,8,SC,false,Family,true,2023-10-31,Arts,2024-03-04
Elna Habercham,Female,1985-02-21,38,9,ST,true,Financial,true,2023-10-14,Other,2024-03-25
Saxon O'Shiel,Male,2001-08-24,70,4,SC,true,Financial,true,2023-06-07,Commerce,2023-06-19
Daisi Ranner,Female,2005-09-16,55,12,General,false,Other,true,2023-06-03,Science,2024-04-25
Josephine Vass,Female,1981-03-06,51,7,SC,true,Other,false,2023-08-12,Arts,2023-10-30
Immanuel Pendre,Male,2017-08-09,12,4,General,true,Family,true,2023-05-12,Commerce,2023-07-29
Bard Vala,Male,2010-12-23,47,12,SC,true,Health,true,2023-09-24,Science,2023-12-07
Ailyn Marquand,Female,1983-07-22,33,7,Other,true,Other,true,2023-07-02,Arts,2023-08-26
Teodoor de Quincey,Polygender,1998-11-26,12,1,General,false,Financial,false,2023-09-19,Arts,2023-08-03
Dulcy Lees,Female,1996-04-26,27,5,SC,true,Family,false,2023-06-19,Commerce,2024-04-20
Bernie Pearton,Male,1999-11-08,59,0,ST,false,Family,false,2023-05-08,Science,2024-01-18
Delphine Pentin,Female,1995-11-02,30,12,General,true,Financial,true,2024-02-28,Commerce,2024-03-18
Teodor Tomasello,Male,1993-02-11,51,7,General,false,Health,true,2023-10-20,Arts,2023-11-07
Martie Van Hove,Female,1986-03-17,31,12,General,false,Health,true,2023-06-07,Commerce,2024-04-16
Nert Stammers,Female,1999-02-25,42,7,Other,true,Family,false,2023-06-03,Other,2024-01-19
Laure Kenneway,Female,1988-11-07,16,11,General,false,Health,true,2023-05-15,Commerce,2023-10-21
Lorna Wordesworth,Female,2017-05-23,35,0,ST,true,Health,false,2023-05-08,Commerce,2024-02-05
Matelda Gooddie,Genderqueer,2002-10-23,69,12,General,true,Financial,true,2023-06-04,Arts,2024-03-16
Joby Attwool,Female,1983-01-04,52,4,General,true,Family,false,2024-01-24,Science,2023-07-11
Floyd Fleischer,Male,2019-03-27,39,1,General,true,Financial,true,2023-11-27,Commerce,2023-11-30
Nestor Heinsen,Non-binary,2016-02-18,40,3,OBC,false,Family,false,2024-02-29,Other,2023-07-03
Kit Wernher,Male,1990-01-02,53,1,OBC,true,Health,true,2023-12-08,Science,2023-07-26
Gabbie Gosford,Male,1987-08-30,51,2,Other,true,Health,true,2023-10-02,Science,2023-10-24
Hillyer Januszewski,Male,1992-05-04,43,0,ST,false,Other,false,2023-10-12,Other,2023-06-14
Henryetta Chanter,Female,1985-04-19,47,12,OBC,true,Family,true,2024-03-14,Arts,2024-04-01
Dominic Tumbridge,Male,2000-12-20,46,12,General,false,Financial,false,2024-02-26,Science,2023-11-20
Parry Thurnham,Male,1982-06-22,64,10,Other,true,Financial,true,2024-03-05,Science,2023-09-23
Pearle Deverose,Female,2009-10-06,58,4,General,true,Health,false,2023-09-25,Arts,2023-10-10
Peyter Munnis,Male,1983-04-20,26,9,General,true,Financial,true,2023-06-17,Science,2023-06-03
Gerianne Ennew,Female,2016-06-25,54,11,OBC,true,Other,false,2023-12-22,Commerce,2023-09-25
Beret Disdel,Female,2010-11-10,62,4,General,false,Other,true,2023-07-11,Science,2024-04-22
Melisent Quest,Female,2013-11-11,21,3,SC,false,Financial,true,2023-11-13,Arts,2023-08-26
Bryn Halloran,Male,2011-05-26,22,8,General,false,Health,false,2024-02-06,Other,2024-01-01
Sayers MacKissack,Male,2010-01-25,19,10,ST,true,Financial,false,2024-02-08,Commerce,2023-06-01
Dietrich Lis,Male,1981-02-10,15,0,SC,true,Health,false,2023-11-30,Commerce,2024-01-24
Veradis Chesney,Female,2013-02-02,52,2,SC,false,Health,true,2023-10-11,Other,2024-03-28
Poppy Troni,Non-binary,2011-06-15,34,1,OBC,false,Family,false,2023-08-23,Science,2023-07-02
Nan Rubinek,Non-binary,1982-01-31,54,8,SC,false,Family,false,2023-07-23,Science,2023-06-03
Tandie Hurring,Non-binary,2000-05-30,44,2,General,false,Family,false,2023-10-03,Commerce,2024-02-28
Horatio Cattermull,Male,1981-07-06,55,8,ST,false,Other,true,2023-12-14,Science,2023-12-17
Wilbur Jarville,Male,1996-09-08,59,10,Other,true,Other,false,2023-12-24,Science,2023-10-20
Erinna Gerhts,Female,2004-04-11,55,1,SC,false,Financial,false,2023-06-13,Commerce,2023-10-25
Marcos Dowyer,Male,1999-01-27,10,11,SC,true,Family,true,2024-01-06,Other,2023-08-29
Blinni Heaven,Female,1994-04-20,50,3,OBC,false,Health,false,2023-07-15,Other,2024-03-03
Sansone Carrabot,Male,1991-04-11,18,2,SC,false,Health,false,2024-04-01,Other,2023-10-29
Randi Brabban,Female,1989-10-03,55,4,Other,false,Family,false,2023-06-10,Commerce,2024-02-26
Gary Creaven,Male,1991-03-24,60,9,ST,false,Family,false,2023-09-14,Arts,2023-06-08
Dre Lebrun,Female,2011-04-18,59,4,ST,false,Health,false,2024-02-13,Science,2023-08-24
Alberta Gutowski,Female,1994-05-23,33,2,ST,true,Health,false,2023-07-16,Other,2024-04-02
Adriaens Pagelsen,Female,1980-12-28,10,7,General,true,Financial,true,2023-09-26,Science,2023-08-28
Wynny Aronov,Female,2008-03-12,68,1,OBC,false,Family,false,2023-08-17,Science,2024-02-07
Cara Sergison,Female,1995-12-03,56,1,OBC,false,Financial,true,2023-12-31,Commerce,2023-09-20
Averil Risbridger,Male,1999-10-09,31,3,SC,false,Other,true,2024-03-30,Science,2024-02-13
Randee Seabright,Female,2009-07-19,18,4,Other,false,Family,true,2024-03-13,Arts,2023-08-21
Tessi Gerriets,Female,2013-02-03,12,1,SC,true,Family,true,2023-11-23,Commerce,2023-08-05
Marty Januszkiewicz,Male,2006-11-30,36,10,OBC,false,Other,true,2024-02-27,Arts,2023-12-25
Madelyn Wolfinger,Bigender,1984-11-09,30,2,General,true,Other,false,2023-12-07,Other,2024-02-11
Saunder Cutchee,Male,2002-07-06,19,10,Other,false,Health,false,2024-02-24,Science,2023-08-02
Thorsten Paxeford,Male,2004-04-26,41,4,SC,true,Health,true,2023-05-15,Arts,2023-06-09
Jamesy Pilmore,Genderqueer,1982-08-07,56,6,ST,true,Financial,false,2023-10-19,Commerce,2024-04-10
Cayla Bitcheno,Female,1989-09-22,38,3,Other,true,Family,false,2024-01-09,Commerce,2023-05-28
Jamie Giacobbo,Female,1994-12-21,66,6,SC,false,Family,false,2024-02-22,Arts,2024-02-17
Filide Blayd,Female,1989-05-09,69,1,General,false,Other,true,2023-12-29,Commerce,2024-03-19
Maritsa Bugler,Female,2015-05-21,64,10,Other,false,Financial,true,2023-10-08,Commerce,2023-07-06
Lindsay Govey,Male,1993-12-22,64,3,Other,false,Financial,true,2023-12-04,Commerce,2024-02-07
Grantley Oxe,Male,2017-06-09,48,11,OBC,false,Family,false,2024-02-09,Science,2023-11-09
Natalee Bramsen,Bigender,1998-08-23,35,8,ST,false,Other,false,2023-10-24,Arts,2024-02-22
Edd Hebblewhite,Bigender,2001-04-29,26,11,Other,false,Family,true,2023-10-08,Arts,2023-12-19
Philbert Donavan,Male,2014-10-20,60,7,ST,false,Family,true,2024-03-03,Arts,2024-01-26
Kailey Pleven,Female,2002-02-17,44,4,OBC,true,Family,false,2023-08-28,Commerce,2023-09-25
Zitella Cato,Female,1980-11-30,67,3,OBC,false,Other,false,2023-11-06,Commerce,2024-01-13
Gram Hardiman,Male,1994-04-22,13,11,Other,true,Other,false,2023-12-20,Science,2023-05-09
Hazlett Ginger,Male,2011-02-19,41,12,ST,false,Family,false,2023-10-20,Commerce,2023-05-16
Randa Dumsday,Polygender,2005-02-16,42,2,SC,false,Health,true,2023-10-21,Other,2023-08-14
Feodora Harbert,Female,2015-01-23,10,9,OBC,true,Health,false,2023-06-14,Science,2023-09-29
Cecelia Slisby,Non-binary,1990-06-28,14,0,SC,false,Financial,false,2023-12-07,Arts,2024-02-16
Michaella McLane,Female,1992-11-07,30,10,General,false,Family,false,2023-09-20,Arts,2023-06-08
Fawne Francesc,Female,2002-11-25,25,10,ST,false,Financial,false,2023-07-31,Commerce,2023-09-06
Gerek Berecloth,Male,1986-01-18,17,11,Other,false,Other,true,2023-05-23,Science,2023-12-27
Sheffield Soden,Male,2011-06-28,56,9,General,false,Financial,true,2024-04-04,Commerce,2023-07-07
Guthrie Warret,Male,1994-08-21,32,11,Other,true,Other,false,2023-06-07,Arts,2023-05-13
Dulci Jesper,Female,1987-10-27,27,11,Other,false,Family,true,2024-04-23,Arts,2023-10-01
Sarah Sictornes,Female,1988-06-24,17,12,Other,true,Other,false,2023-08-31,Arts,2024-02-14
Randie Record,Female,2016-12-23,16,1,OBC,false,Health,false,2023-10-17,Science,2023-07-02
Darleen Jillings,Female,1993-08-29,57,12,OBC,true,Financial,false,2023-12-08,Commerce,2024-03-08
Gracie Wiffler,Agender,2013-11-11,62,1,OBC,false,Financial,true,2024-02-05,Other,2023-12-17
Ravid Birtles,Male,2005-07-13,23,1,ST,false,Financial,false,2024-02-23,Other,2023-05-11
Cyrill Ascrofte,Male,1995-07-12,21,2,ST,true,Financial,false,2023-10-16,Commerce,2023-10-06
Portie Virgo,Male,1987-01-07,70,12,ST,true,Financial,true,2023-12-29,Arts,2024-01-06
Lyndell Killingworth,Female,2018-03-15,60,10,Other,true,Health,false,2024-02-20,Arts,2023-06-12
Christen Czajkowski,Female,1986-02-12,61,5,Other,true,Family,true,2023-12-22,Science,2023-07-23
Flossy Bolsteridge,Female,2010-08-18,31,5,Other,false,Family,false,2024-03-21,Commerce,2024-02-23
Sawyere Leist,Male,2015-01-04,17,11,Other,false,Financial,false,2023-05-25,Arts,2023-11-24
Gawain Mish,Male,1992-12-07,55,6,Other,false,Health,true,2024-04-10,Science,2023-10-29
Patrice Tolwood,Male,2009-04-27,21,1,SC,true,Health,true,2024-02-14,Science,2024-01-14
Gerta Bingham,Female,1998-12-25,51,12,Other,true,Health,true,2023-10-11,Commerce,2023-10-11
Cristen Barabich,Female,1986-08-22,43,7,OBC,false,Health,false,2024-02-01,Other,2024-03-22
Bale Scannell,Male,2015-01-05,20,10,ST,true,Health,false,2023-12-06,Arts,2023-12-20
Storm Ivetts,Female,1992-09-21,24,5,SC,false,Other,true,2023-08-06,Other,2023-11-22
Delmar Babst,Bigender,1991-03-24,24,6,OBC,false,Health,false,2024-02-28,Science,2023-10-22
Berky Jacquemard,Male,2009-06-02,64,5,OBC,true,Health,true,2023-11-23,Science,2024-03-02
Benedikt Jennens,Male,2004-05-02,70,3,OBC,false,Family,false,2023-10-04,Arts,2023-05-23
Stefanie Perez,Female,1998-12-27,41,1,Other,false,Financial,false,2024-02-16,Science,2023-06-09
Tamara Hicks,Female,1982-01-20,36,2,OBC,true,Other,false,2023-11-29,Other,2023-06-26
Hally Maguire,Female,2010-09-10,24,12,Other,true,Other,true,2023-07-12,Other,2023-07-25
Carson Salleir,Male,2002-06-15,36,5,OBC,true,Other,true,2023-05-23,Other,2023-12-18
Nicol Ferras,Genderqueer,1999-09-21,13,7,ST,false,Health,true,2024-01-04,Commerce,2024-03-10
Dulcine Clara,Female,1994-09-18,34,11,ST,false,Family,true,2024-03-18,Other,2023-10-20
Ricoriki Hambers,Male,2010-06-10,57,3,General,false,Other,true,2024-01-13,Arts,2023-06-28
Nertie Loade,Female,1989-04-17,56,7,Other,true,Health,true,2023-09-19,Arts,2023-12-17
Lenore McChesney,Female,1995-08-24,48,1,SC,false,Health,false,2023-06-10,Commerce,2023-12-02
Blakeley Vassel,Female,2003-04-19,27,9,ST,false,Family,true,2023-09-18,Other,2023-04-30
Anny Titlow,Polygender,1984-05-25,16,3,ST,true,Family,false,2023-11-07,Arts,2024-03-07
Lucia Pettit,Female,2009-09-04,15,11,SC,true,Other,false,2024-02-07,Arts,2024-02-16
Zackariah Sidebotton,Male,2011-08-10,50,6,General,false,Other,true,2023-12-14,Arts,2023-11-27
Weylin Skechley,Male,2003-09-24,36,8,ST,false,Financial,false,2023-06-26,Science,2023-12-27
Dinny Matejovsky,Female,1998-04-27,48,12,OBC,true,Financial,true,2023-07-25,Science,2024-01-21
Theodoric Lantry,Male,2003-04-09,14,8,SC,false,Family,true,2023-05-20,Arts,2023-11-01
Butch Absolem,Male,1982-11-04,24,11,ST,false,Other,false,2023-10-22,Commerce,2023-11-22
Neal Rudd,Male,1991-08-18,15,12,OBC,true,Family,false,2024-01-06,Arts,2023-10-15
Fred Terrazzo,Female,2006-07-10,33,4,ST,true,Health,false,2023-05-28,Commerce,2024-02-09
Tallie Lugsdin,Male,1982-01-08,52,7,OBC,false,Family,false,2023-07-03,Arts,2024-04-26
Yard House,Male,1998-12-22,25,5,SC,true,Financial,false,2023-08-19,Arts,2023-09-24
Claiborne Denisyev,Male,1998-10-31,21,2,OBC,false,Health,true,2023-07-18,Arts,2023-07-28
Priscilla Jeffreys,Genderfluid,1983-08-06,35,8,SC,false,Other,true,2023-07-08,Other,2023-07-22
Zebadiah Badman,Male,1993-09-14,66,4,General,false,Family,true,2024-03-27,Arts,2023-05-21
Ivy Wale,Female,1985-06-11,57,3,Other,false,Other,true,2023-06-12,Commerce,2023-12-16
Papagena Gasking,Female,1999-08-16,25,9,General,true,Health,true,2023-11-26,Arts,2023-09-13
Cliff Kibbe,Male,2016-08-27,55,1,SC,true,Financial,false,2023-05-06,Science,2023-10-25
Yorgos Officer,Male,1999-08-31,48,10,General,true,Family,true,2023-05-18,Science,2023-10-09
Archy Tubbles,Male,1982-11-18,51,8,OBC,true,Family,false,2023-09-18,Arts,2023-07-02
Phyllida Ganter,Female,1991-12-05,56,12,General,false,Health,true,2024-02-05,Arts,2024-02-13
Freddi Pautard,Female,2007-12-07,56,1,SC,true,Family,true,2024-04-17,Science,2024-01-15
Ninette Uttridge,Female,1998-04-12,68,2,ST,true,Family,false,2023-10-28,Science,2023-06-06
Jesus Olivi,Male,1987-12-31,15,7,Other,true,Financial,true,2024-03-31,Commerce,2023-05-02
Carey Coils,Male,2008-05-14,57,3,Other,false,Other,false,2023-08-15,Science,2024-03-28
Shae Windmill,Male,1987-08-17,69,8,SC,true,Financial,true,2023-05-11,Science,2023-07-29
Marylinda Lewsley,Female,2006-02-27,57,11,OBC,false,Financial,true,2023-10-16,Arts,2023-12-07
Celisse Marsland,Female,1989-05-31,39,9,General,true,Other,false,2023-06-19,Commerce,2024-03-14
Agata Moxson,Agender,1994-08-14,26,9,OBC,false,Other,true,2024-03-01,Commerce,2023-06-18
Ham Borres,Male,1990-04-26,33,1,OBC,true,Family,true,2024-04-10,Science,2024-01-13
Velma Greensides,Female,1997-01-27,26,2,Other,false,Other,true,2024-04-23,Commerce,2023-05-09
Hubie Jupe,Male,2006-02-28,57,1,Other,false,Financial,false,2024-03-08,Other,2023-12-05
Dorothea Christaeas,Agender,1987-11-24,24,8,SC,false,Other,true,2024-03-03,Science,2023-09-01
Shem Giannassi,Male,2012-07-03,64,6,General,true,Financial,false,2023-10-19,Arts,2023-10-01
Roy Golden,Male,1981-11-29,68,6,OBC,false,Health,true,2024-02-19,Science,2023-08-07
Sheilakathryn Rigler,Female,1994-04-05,50,7,General,false,Financial,true,2023-09-14,Arts,2024-02-23
Agosto Bernardino,Male,1985-08-01,65,6,SC,false,Health,true,2023-11-22,Commerce,2023-11-27
Shirlee Abbys,Female,1998-01-31,23,7,ST,true,Health,true,2023-09-29,Arts,2023-09-19
Cully Stetlye,Male,2002-07-17,30,7,SC,false,Family,true,2024-01-25,Commerce,2024-01-12
Rutger Sparkwill,Male,2004-05-16,38,7,SC,true,Health,true,2024-03-08,Other,2024-03-09
Nixie Yearne,Female,2010-11-28,70,9,Other,false,Other,true,2024-03-10,Other,2024-02-03
Marysa Tydeman,Female,1986-03-14,62,10,Other,true,Other,false,2023-10-30,Arts,2024-02-25
Catharine Silverthorn,Female,1996-07-13,15,10,OBC,false,Financial,true,2023-07-13,Commerce,2023-09-06
Diane-marie Yeabsley,Female,2003-06-02,18,6,OBC,false,Family,true,2023-12-28,Science,2024-04-03
Tadio Challis,Male,2008-07-24,18,6,General,true,Other,false,2023-11-21,Other,2023-06-21
Noel Friend,Male,1996-05-31,59,4,SC,true,Other,true,2024-02-01,Science,2023-12-13
Agnesse Ladbrook,Female,1981-08-10,41,10,OBC,false,Family,true,2023-05-22,Science,2024-01-23
Emilia Edgcombe,Female,1992-09-04,57,10,OBC,true,Financial,true,2023-11-24,Science,2023-07-07
Martie Alflatt,Female,1980-08-17,30,12,SC,true,Family,true,2023-06-22,Commerce,2023-06-23
Emerson Feeny,Male,2007-01-24,12,9,OBC,false,Other,true,2023-11-24,Commerce,2023-09-16
Moselle Bleacher,Female,1994-07-19,54,7,ST,false,Financial,true,2024-01-31,Science,2023-10-30
Arliene Allkins,Female,1983-09-20,51,7,Other,true,Financial,true,2023-08-10,Science,2024-03-23
Keane Stearndale,Male,1981-06-25,15,9,ST,true,Financial,true,2023-07-01,Commerce,2024-01-31
Quinn Pikesley,Male,2002-10-14,45,0,Other,false,Family,false,2023-08-22,Arts,2023-10-25
Gorden Cumbridge,Male,1986-06-27,48,5,SC,true,Other,false,2023-05-13,Commerce,2023-06-05
Margit Scay,Female,2017-01-23,41,9,General,true,Family,false,2023-07-03,Arts,2023-08-18
Giacobo Han,Agender,2005-02-03,27,11,Other,true,Family,true,2023-10-01,Commerce,2023-05-02
Gill Duckitt,Male,2014-10-16,10,2,General,false,Other,true,2024-04-29,Science,2023-06-05
Simonette Erbain,Female,2016-11-21,21,3,Other,false,Other,true,2024-01-28,Other,2024-01-28
Billye Egle of Germany,Female,1988-11-24,68,11,General,false,Health,true,2023-11-14,Commerce,2024-04-27
Stanislas Scudder,Male,1995-02-12,23,11,SC,false,Other,true,2023-06-19,Commerce,2023-11-13
Cymbre Poole,Female,2012-04-22,60,1,SC,true,Health,false,2024-03-06,Other,2023-09-22
Chas Goldsack,Male,2001-04-26,19,12,Other,true,Other,true,2024-03-12,Other,2024-01-20
Gil Wilkison,Male,2013-03-20,30,10,ST,true,Financial,true,2023-10-18,Commerce,2023-12-17
Brok Bulfoy,Genderfluid,1999-05-04,53,7,SC,true,Financial,true,2023-09-10,Science,2023-10-02
Henrieta Siccombe,Female,1986-04-22,59,4,ST,true,Family,true,2023-08-23,Commerce,2023-07-08
Roddie Marjanovic,Male,1996-09-12,53,2,SC,false,Financial,true,2023-10-22,Science,2024-03-30
Wilie Devall,Female,1980-12-28,56,9,General,true,Financial,false,2023-05-11,Commerce,2024-02-18
Jourdain Ronca,Male,2014-01-07,56,12,General,true,Financial,true,2023-08-10,Arts,2024-04-09
Arley Teese,Male,1984-04-01,69,4,OBC,true,Other,true,2024-01-11,Commerce,2023-11-06
Gamaliel Moughton,Male,1981-06-24,11,4,OBC,false,Health,true,2023-06-20,Arts,2023-11-25
Roseline Lednor,Female,2009-09-08,57,11,ST,false,Health,false,2024-01-30,Other,2023-05-12
Marion Troillet,Genderfluid,1988-05-19,63,12,ST,true,Family,false,2024-04-25,Commerce,2023-07-10
Sigismond Hencke,Male,2000-10-30,17,2,General,true,Financial,false,2023-07-14,Science,2024-01-31
Dannie Sparshutt,Male,2008-11-23,61,10,OBC,false,Health,false,2023-05-08,Commerce,2023-10-11
Esta Toppas,Female,2004-11-14,20,4,ST,true,Financial,true,2024-01-19,Other,2024-04-14
Lon Van Der Weedenburg,Male,1987-10-24,15,12,SC,true,Financial,false,2023-12-23,Arts,2023-08-26
Pammi Withnall,Female,2014-11-03,17,4,Other,false,Financial,true,2024-02-20,Other,2024-01-16
Dael Dirand,Male,2004-05-11,59,3,General,true,Family,true,2024-02-11,Arts,2024-04-26
Fulvia Thorius,Female,1998-09-19,58,1,Other,false,Health,true,2023-08-17,Arts,2023-07-31
Melisse Paddison,Female,1998-05-05,52,10,ST,true,Family,false,2023-11-15,Commerce,2023-10-20
Leigha Braddon,Female,2006-02-01,30,10,SC,true,Other,true,2024-03-13,Science,2023-12-01
Oates Gownge,Male,2003-03-20,33,5,SC,true,Family,false,2024-01-31,Other,2023-06-03
Eve Mellings,Female,2002-09-21,10,6,Other,false,Family,false,2023-08-23,Commerce,2023-11-26
Giorgia Peacher,Genderfluid,2012-04-21,30,9,General,true,Financial,true,2024-03-22,Science,2023-11-27
Quinton Alabaster,Male,2019-07-01,62,2,General,true,Financial,false,2023-05-03,Science,2023-07-27
Lazar Turri,Male,2005-10-24,45,12,ST,false,Family,true,2023-09-26,Commerce,2023-06-15
Timmi Josipovic,Female,2008-01-27,18,7,OBC,true,Financial,false,2023-07-02,Science,2023-12-09
Kareem Duguid,Male,1993-03-09,53,8,General,true,Financial,true,2023-05-03,Science,2023-06-13
Percy Backes,Male,2007-05-08,31,12,Other,true,Other,false,2023-05-04,Commerce,2024-04-03
Mathian Ferrarello,Male,2012-08-06,47,0,ST,false,Health,true,2023-06-26,Arts,2023-12-26
Georges Dearman,Male,2001-01-29,66,7,ST,false,Family,true,2023-12-06,Commerce,2024-04-29
Keen Roslen,Male,2016-09-24,10,5,Other,true,Family,true,2023-11-26,Science,2023-06-25
Auroora Zukerman,Non-binary,1991-09-19,67,0,ST,true,Other,false,2023-08-20,Science,2023-07-05
Kele Hatherleigh,Male,1999-08-08,51,3,ST,true,Family,true,2023-12-19,Commerce,2023-07-01
Olympia Judson,Female,2010-12-21,15,8,Other,true,Other,true,2023-09-06,Commerce,2023-09-18
Cody Leal,Male,1997-08-12,65,8,ST,false,Financial,true,2023-10-26,Other,2024-02-04
Eadie Cicetti,Female,2001-04-08,69,2,Other,true,Financial,true,2024-03-24,Other,2023-10-29
Rosalie Scattergood,Female,1985-07-02,29,1,SC,true,Family,true,2023-08-06,Arts,2024-03-11
Jamill Birmingham,Male,2008-09-06,21,9,ST,true,Other,false,2023-08-04,Commerce,2024-02-18
Michal Monday,Female,2015-10-27,30,4,General,false,Health,true,2023-11-25,Commerce,2023-12-25
Lilli Starr,Female,2009-04-10,67,7,SC,true,Other,true,2023-07-29,Science,2024-02-17
Pascale Brine,Male,2000-01-24,21,1,General,false,Financial,true,2023-10-02,Other,2023-08-11
Travis Davidi,Male,2006-08-23,62,0,ST,false,Financial,true,2024-02-17,Other,2023-11-06
Conn Hatcliffe,Male,1998-07-27,30,7,General,false,Family,true,2023-06-25,Science,2024-02-29
Rianon Cullivan,Female,1996-04-21,28,11,General,true,Family,false,2023-06-09,Other,2024-03-05
Giana Bahls,Female,2018-04-19,24,11,SC,false,Financial,true,2023-10-08,Commerce,2023-12-24
Marita Noor,Female,1986-07-27,60,4,ST,false,Other,true,2023-09-07,Other,2023-07-25
Pet Deyes,Female,2015-07-18,34,5,General,false,Other,false,2023-10-07,Science,2023-08-31
Mauricio Kilroy,Male,2009-07-18,12,3,SC,true,Family,false,2024-02-24,Science,2023-12-13
Glynis Rowlinson,Female,2002-04-23,24,8,ST,true,Family,false,2024-03-22,Arts,2023-10-09
Prinz Leggett,Male,1997-09-03,37,1,ST,false,Family,true,2023-12-30,Commerce,2023-07-05
Maegan Bayley,Female,2000-07-15,67,5,ST,false,Family,true,2023-11-01,Commerce,2024-04-02
Marne Skillern,Female,1987-10-01,55,12,OBC,true,Health,true,2023-09-04,Other,2024-04-13
Chilton Ceaplen,Non-binary,2015-12-30,20,6,SC,false,Other,true,2024-02-23,Science,2023-12-12
Ash MacNeachtain,Male,1984-10-03,53,4,General,true,Financial,false,2024-02-27,Commerce,2023-06-29
Ivory Randell,Female,2002-12-09,57,8,General,true,Health,false,2023-12-16,Arts,2024-02-09
Silvain O'Lehane,Non-binary,2011-05-20,49,4,ST,true,Financial,false,2023-06-27,Other,2023-12-02
Emalee Baudic,Female,2011-03-20,45,4,ST,true,Family,false,2024-04-13,Commerce,2023-10-02
Halli Andrini,Female,1989-12-12,24,0,ST,true,Health,true,2024-04-03,Science,2024-04-29
Kev Willbourne,Male,1993-09-25,49,7,ST,false,Financial,true,2023-10-13,Science,2023-09-21
Dolly Dunckley,Female,1991-12-04,41,2,SC,true,Other,false,2023-11-23,Other,2023-07-23
Omero Cardero,Male,2000-08-16,44,9,OBC,true,Financial,false,2024-02-06,Arts,2023-12-09
Allard Almack,Male,1981-04-26,63,2,SC,true,Other,false,2023-09-28,Science,2023-10-21
Drew Mantram,Male,1984-02-15,53,1,General,false,Family,true,2023-05-23,Other,2023-05-20
Lawrence McVitie,Male,2001-03-02,55,0,Other,true,Health,false,2023-10-09,Science,2023-10-16
Albie Incogna,Male,2016-02-10,69,10,ST,false,Financial,true,2024-01-28,Arts,2023-09-11
Brittney Treacher,Female,1992-03-06,67,0,General,false,Family,true,2023-07-08,Commerce,2024-04-08
Ruddy Revie,Male,1999-04-28,25,11,Other,false,Health,true,2023-06-05,Arts,2023-06-02
Umeko Stanion,Female,1990-04-19,25,8,General,true,Family,false,2024-01-06,Commerce,2023-05-08
Brana Burgoine,Female,2015-09-22,39,3,Other,true,Other,true,2023-11-06,Science,2023-10-08
Rubetta Ody,Female,1991-10-13,65,0,General,true,Other,false,2023-05-03,Commerce,2024-03-28
Alyssa St. Clair,Female,2018-07-18,70,1,OBC,true,Financial,false,2023-11-19,Arts,2024-03-12
Jervis Mussard,Male,2014-07-12,35,12,OBC,true,Financial,false,2023-11-26,Science,2023-05-08
Feodora Yakuntzov,Female,2019-07-03,26,12,ST,false,Family,false,2023-12-07,Arts,2023-12-25
Olenka Menaul,Female,1995-01-19,46,4,OBC,true,Family,false,2023-08-16,Other,2023-08-17
Francyne Templman,Female,2002-07-20,29,0,General,false,Family,true,2023-05-19,Other,2023-08-05
Matthaeus Sheepy,Male,1999-03-07,21,3,General,false,Other,false,2023-06-25,Science,2023-12-09
Garner Bruckshaw,Agender,1987-10-02,11,5,OBC,false,Other,true,2024-01-11,Science,2023-11-17
Clarance Bromidge,Male,1981-01-16,64,11,OBC,false,Other,false,2023-07-05,Other,2023-08-30
Rosanna Skinn,Female,2009-01-09,61,0,Other,false,Family,false,2023-07-24,Commerce,2023-08-14
Inessa Bloxland,Female,1985-12-03,28,10,Other,false,Family,false,2023-06-01,Other,2023-06-29
Ina Heak,Female,2002-01-30,23,6,ST,true,Financial,false,2023-05-25,Commerce,2023-05-16
Erich Duligal,Male,1992-01-15,46,7,ST,true,Health,true,2024-02-24,Science,2023-10-21
Brinn Mitchelhill,Female,1986-06-08,51,8,SC,false,Health,true,2023-12-29,Commerce,2023-09-11
Jeromy Blakesley,Male,2015-05-24,55,12,SC,false,Other,false,2023-06-26,Arts,2023-08-15
Jim Scopyn,Male,1992-11-28,45,12,General,true,Financial,false,2024-02-22,Arts,2023-10-03
Haven Stockoe,Male,2002-11-30,58,1,SC,false,Health,false,2023-05-09,Commerce,2023-09-27
Lothaire Le Breton De La Vieuville,Genderfluid,2017-07-06,18,7,ST,false,Health,false,2023-11-20,Other,2023-09-28
Garald Meriton,Male,1982-11-24,56,12,Other,false,Health,true,2023-09-07,Arts,2024-01-10
Katti Lefridge,Female,2012-12-25,25,1,OBC,false,Family,false,2024-04-15,Other,2023-09-09
Ward Hedworth,Male,2001-08-07,66,12,SC,false,Health,true,2023-12-25,Science,2023-08-29
Aldis Southworth,Male,1980-12-18,24,10,OBC,true,Health,true,2023-08-07,Arts,2023-12-27
Tonia Bresnen,Female,2018-03-20,47,6,SC,false,Health,true,2024-01-08,Other,2023-09-18
Emili Skottle,Female,2007-06-10,37,2,SC,false,Family,true,2024-01-05,Arts,2023-07-23
Batholomew Fonso,Male,2004-05-23,70,4,ST,false,Other,false,2023-10-27,Arts,2024-01-21
Hyacinthia Houson,Female,1985-07-05,59,6,Other,true,Other,false,2023-10-07,Commerce,2023-08-11
Archer McRinn,Male,2000-05-25,20,5,General,false,Family,false,2023-10-20,Other,2023-06-10
Erv Aveyard,Male,2000-09-20,32,12,Other,true,Family,false,2023-06-11,Other,2023-06-15
Barclay Snelle,Male,1987-11-08,28,4,Other,false,Health,true,2023-11-11,Science,2024-01-08
Nestor Erie,Male,1990-03-15,13,7,ST,false,Other,true,2023-08-04,Other,2023-05-27
Selie Gerrietz,Female,2013-07-02,27,5,OBC,false,Family,true,2024-01-11,Science,2024-02-28
Hatti Barrs,Agender,2000-08-18,55,9,General,true,Financial,true,2023-10-02,Commerce,2023-12-24
Delmore Rosberg,Male,2005-06-18,66,11,OBC,true,Financial,false,2024-03-29,Science,2023-10-07
Corny Dowber,Male,2016-03-23,46,8,ST,false,Health,true,2023-12-07,Science,2023-08-23
Langsdon Queree,Male,1981-09-10,18,3,OBC,true,Health,true,2024-01-13,Science,2023-10-28
Svend Flanner,Male,2003-05-12,46,7,General,true,Other,false,2023-05-17,Science,2023-06-21
Ediva Whife,Female,2001-11-15,58,3,SC,true,Other,true,2023-10-31,Science,2023-08-17
Sara Eads,Female,1993-07-17,48,9,Other,true,Family,false,2024-04-15,Science,2023-11-24
Mathilda Ranshaw,Female,1981-10-08,54,0,General,true,Other,true,2024-03-06,Science,2023-11-11
Dallis Hancell,Male,1981-08-07,35,12,General,true,Financial,true,2023-12-06,Other,2024-02-19
Lorant Pashenkov,Male,2014-12-19,38,2,SC,false,Health,true,2023-11-14,Arts,2023-10-31
Montague Langlands,Male,1998-03-18,62,10,SC,false,Family,true,2024-04-17,Arts,2023-10-12
Reece Sharrard,Genderfluid,1980-10-14,56,12,Other,true,Family,true,2023-09-22,Arts,2023-07-19
Merle Ginie,Male,2020-03-08,55,0,SC,true,Family,false,2024-03-01,Commerce,2024-02-14
Bendite Peasey,Female,2009-09-18,64,5,Other,false,Financial,true,2024-03-01,Other,2024-03-22
Mair Rymour,Female,2008-11-06,15,10,General,true,Family,true,2024-01-03,Arts,2023-05-07
Nicolea Hanhard,Bigender,1999-04-18,53,5,SC,false,Family,false,2023-09-08,Arts,2023-09-01
Marysa Kitchinghan,Female,2014-06-10,37,3,ST,false,Family,false,2023-10-23,Other,2024-04-10
North McHugh,Male,2000-12-30,11,0,SC,false,Health,false,2023-12-13,Other,2023-10-28
Byrom Piercy,Male,1994-11-14,17,8,General,true,Financial,false,2023-10-10,Commerce,2023-12-16
Callida Quoit,Bigender,1992-03-06,31,9,Other,true,Family,false,2024-02-14,Other,2023-08-27
Heloise Mendenhall,Female,1995-10-03,16,6,OBC,false,Other,true,2023-09-24,Arts,2024-01-24
Joscelin Brockett,Female,2002-10-13,36,1,SC,false,Family,false,2023-05-04,Commerce,2024-02-10
Kenyon Hannah,Polygender,2009-07-05,61,1,ST,false,Family,true,2023-10-29,Other,2023-11-27
Alfred Koba,Male,1990-03-08,53,7,Other,false,Financial,false,2024-03-22,Other,2023-10-08
Xylia Barles,Female,2002-06-07,69,0,Other,true,Other,false,2023-08-07,Arts,2023-11-30
Deane Whiteford,Male,1990-07-31,64,4,Other,true,Health,true,2023-12-01,Science,2023-11-25
Ned Colville,Genderfluid,1997-03-04,10,2,General,false,Other,false,2023-12-22,Commerce,2024-02-11
Janina Halward,Female,2004-06-30,47,7,General,true,Health,true,2024-04-26,Other,2024-03-13
Glen Tuck,Bigender,2003-04-03,51,6,SC,false,Health,true,2023-05-03,Arts,2023-07-28
Kellen Georgeot,Male,2017-07-20,21,0,ST,true,Other,false,2023-05-10,Commerce,2023-08-01
Dasya Langstone,Female,2013-04-15,36,5,ST,true,Family,false,2024-02-05,Other,2023-06-17
Alonso Jones,Male,2018-08-06,24,1,General,true,Health,true,2023-05-03,Other,2024-01-04
Tawsha Teasey,Female,2011-09-30,31,0,ST,false,Other,true,2023-08-06,Arts,2023-11-29
Darci Phettis,Female,2012-06-07,70,3,ST,false,Other,false,2024-01-01,Other,2024-04-10
Galina Witherop,Female,1990-02-10,54,11,Other,true,Other,false,2024-03-25,Other,2024-03-27
Sheba Jurisic,Female,2005-01-24,29,12,ST,false,Family,false,2024-01-20,Other,2023-07-25
Fawne Malpass,Female,2002-06-01,20,10,ST,true,Other,false,2023-10-03,Other,2023-12-17
Brion Winmill,Male,2004-05-17,50,11,ST,false,Other,true,2024-03-19,Arts,2024-02-25
Ellis Maggorini,Male,1997-03-03,46,0,SC,true,Family,true,2024-04-17,Commerce,2023-11-20
Sammy Byron,Female,1992-02-05,16,9,Other,true,Other,true,2023-05-30,Arts,2023-07-12
Selina McAne,Female,1996-08-29,29,10,Other,true,Family,false,2023-06-13,Other,2024-01-07
Libbi Medd,Female,2004-04-27,57,6,General,false,Family,true,2023-08-31,Commerce,2023-11-16
Waylan Hurche,Male,2000-10-30,63,8,OBC,false,Financial,false,2023-05-27,Other,2023-07-28
Ossie Trembley,Male,1985-05-04,41,1,General,true,Health,true,2023-05-14,Science,2023-08-01
Anatole Cake,Male,1994-07-23,63,7,ST,true,Family,false,2023-06-08,Arts,2023-10-02
Patric Halfpenny,Male,2015-10-31,45,5,SC,true,Health,true,2023-05-23,Other,2024-04-13
Lila Kundert,Female,1993-07-06,59,5,SC,false,Health,true,2023-08-06,Arts,2023-07-22
Dedie Salmons,Female,1985-04-17,53,6,Other,false,Family,false,2023-08-03,Arts,2023-05-19
Justen Costell,Male,1992-01-31,66,10,SC,false,Family,true,2023-08-12,Science,2024-02-04
Magnum Thorburn,Male,1985-06-02,49,5,ST,false,Financial,false,2023-05-18,Science,2024-01-29
Fonzie Asson,Genderfluid,2007-01-23,29,1,Other,false,Health,true,2023-08-08,Arts,2023-05-28
Lindy Macia,Male,2007-02-02,37,8,Other,true,Other,false,2024-02-21,Science,2023-06-20
Demetris Yearns,Male,2000-08-08,10,12,Other,true,Other,true,2023-05-15,Science,2024-04-17
Yolane Van Velde,Female,2007-05-16,23,9,General,true,Financial,false,2024-02-05,Arts,2023-09-17
Catlee Kirsop,Female,2014-12-08,40,11,Other,true,Family,false,2023-05-13,Other,2023-07-24
Kalie Hendrickson,Female,1980-08-09,15,4,ST,false,Family,false,2024-01-22,Commerce,2023-11-10
Ludvig Partrick,Male,2006-02-16,42,11,General,false,Other,true,2023-09-10,Commerce,2023-09-03
Linus McIleen,Male,2001-08-06,12,2,OBC,true,Other,false,2023-10-04,Science,2023-11-08
Stevena Trynor,Female,2013-01-24,14,3,SC,false,Financial,false,2023-07-19,Commerce,2024-04-11
Christiana Decayette,Female,1994-12-14,56,8,ST,true,Family,true,2024-03-23,Science,2023-11-22
Laryssa Perchard,Female,1980-12-22,59,9,General,false,Family,false,2023-08-20,Commerce,2023-09-06
Pedro Emilien,Male,1982-06-08,33,10,Other,false,Family,true,2024-02-27,Science,2023-05-10
Cris Rudeforth,Female,2002-06-21,64,5,SC,false,Family,false,2024-03-10,Commerce,2023-10-29
Zollie Llopis,Bigender,1982-09-17,39,6,General,true,Financial,false,2023-06-11,Commerce,2023-06-29
Adelaida Powles,Female,1998-12-13,65,6,General,false,Health,false,2024-01-10,Commerce,2023-04-30
Carver Carter,Genderfluid,2000-12-13,37,2,Other,false,Financial,false,2023-09-14,Other,2024-01-01
Cindie Kleis,Female,2013-04-01,26,8,General,true,Financial,true,2024-03-03,Commerce,2023-05-25
Elisha Moland,Genderfluid,1980-06-05,18,3,SC,true,Other,false,2023-08-26,Arts,2023-08-09
Salomon Lennon,Male,1997-07-03,39,4,Other,true,Financial,false,2023-10-14,Other,2023-11-22
Hermione Dutnell,Female,2010-04-15,57,7,OBC,false,Other,true,2024-03-23,Arts,2023-10-25
Maurene Beacon,Female,2012-03-20,51,10,SC,false,Financial,true,2024-04-06,Science,2023-06-30
Fidole Meikle,Male,2011-07-15,46,4,Other,true,Financial,false,2023-06-10,Arts,2024-04-03
Boote Sammars,Male,1990-08-13,29,9,ST,false,Health,true,2023-09-22,Other,2023-12-09
Shara Rust,Female,2017-03-10,65,0,Other,true,Health,true,2023-08-25,Science,2023-07-22
Charles Bedlington,Non-binary,2017-02-27,64,4,OBC,false,Financial,true,2024-02-14,Commerce,2023-12-18
Roberto Birtonshaw,Male,2005-06-16,36,11,ST,true,Other,true,2024-04-28,Science,2024-01-10
Merrill Redihough,Female,1991-07-24,48,10,SC,false,Family,true,2024-01-01,Commerce,2023-06-06
Lenci Parmer,Male,2000-10-15,58,8,General,true,Financial,false,2023-07-02,Other,2024-03-23
Emeline Baudone,Female,1993-04-28,40,9,ST,false,Other,true,2023-09-17,Commerce,2023-10-07
Selia Petrichat,Female,2014-04-17,23,3,General,false,Financial,false,2023-04-30,Commerce,2023-11-06
Rowena Harvie,Agender,2009-11-22,57,2,General,true,Financial,true,2023-09-30,Commerce,2024-03-19
Caril Statham,Female,1995-03-03,13,10,SC,false,Financial,false,2023-12-19,Other,2023-05-09
Hilario Mylechreest,Male,1984-11-29,14,4,ST,true,Financial,false,2024-04-22,Commerce,2023-09-11
Riane Ipsgrave,Female,2010-01-17,52,7,General,true,Financial,true,2024-02-01,Science,2024-01-09
Winny Hegarty,Male,1994-08-25,62,0,Other,false,Health,false,2023-07-08,Arts,2023-07-20
Cristionna Phripp,Female,1991-11-06,11,4,ST,true,Family,true,2023-12-09,Science,2024-03-23
Lynett Babinski,Female,1993-08-12,62,1,General,false,Financial,false,2023-11-09,Commerce,2023-06-16
Sandra Staner,Female,1982-07-15,12,12,ST,true,Financial,true,2024-01-03,Science,2024-03-20
Lynnea Greatreax,Female,1985-11-13,49,5,General,false,Family,true,2024-02-08,Science,2023-06-15
Shanta Lorenc,Female,2016-05-06,39,0,SC,true,Family,true,2023-11-24,Science,2023-05-28
Fidelio Andrieux,Male,1981-09-21,56,12,SC,true,Other,true,2024-02-10,Science,2024-02-01
Gallagher Pendergast,Male,1995-09-02,69,11,SC,false,Health,false,2023-06-06,Arts,2023-05-18
Torey Gout,Male,1986-12-17,35,12,OBC,false,Other,true,2024-04-19,Arts,2023-11-27
Roana Ziehm,Female,2005-11-08,26,11,General,false,Other,true,2024-01-24,Science,2023-12-11
Teddie Late,Agender,2013-03-07,40,1,General,false,Family,false,2024-03-21,Commerce,2023-08-21
Ernestus Waylen,Male,1985-11-09,46,12,ST,false,Health,true,2023-12-07,Science,2023-09-27
Scot Cantera,Male,1995-08-12,10,3,OBC,false,Health,false,2023-09-18,Arts,2023-05-26
Alf Cyster,Male,2017-04-21,47,8,SC,true,Family,false,2024-01-24,Science,2023-11-25
Hedwig Fewell,Female,1992-07-23,69,5,General,false,Other,true,2024-03-04,Science,2024-04-16
Drusilla Adnet,Genderfluid,1995-06-01,64,10,SC,false,Other,false,2024-03-10,Commerce,2024-04-28
Lorelle Karpmann,Female,2007-10-01,40,9,SC,true,Other,false,2023-05-08,Commerce,2024-02-21
Siouxie O'Flannery,Female,1991-01-15,42,6,Other,false,Family,true,2023-08-01,Commerce,2023-05-18
Bonnie Rochford,Female,1992-05-06,62,12,OBC,false,Health,false,2023-10-12,Commerce,2024-03-22
Blondelle Hopewell,Female,2016-06-28,30,5,OBC,false,Family,false,2023-12-12,Science,2024-02-09
Claribel Gregorowicz,Female,1994-09-05,69,4,Other,true,Family,false,2023-08-28,Arts,2023-05-10
Carlos Greenig,Male,1981-05-10,39,12,ST,true,Health,true,2024-02-17,Commerce,2024-03-04
Aube Torpie,Male,1986-01-07,17,7,OBC,false,Family,true,2023-09-11,Other,2023-10-25
Olivia Minton,Female,1981-01-10,25,1,OBC,false,Financial,false,2023-10-26,Commerce,2023-07-05
Philipa Shoebotham,Female,1995-07-16,17,8,SC,false,Health,true,2023-06-27,Arts,2024-03-24
Carny Simcoe,Male,2007-10-26,53,1,ST,true,Financial,true,2023-10-09,Arts,2023-05-24
Cahra Godsil,Female,1991-01-20,61,11,SC,false,Other,false,2023-09-29,Arts,2023-08-03
Alfi Heaselgrave,Genderfluid,2010-02-09,59,11,ST,true,Family,false,2024-04-04,Commerce,2024-02-04
Daryn Tussaine,Polygender,1987-01-06,20,11,SC,false,Health,true,2023-12-05,Other,2023-07-15
Ambrosi Wannan,Male,2000-11-13,61,3,OBC,true,Family,false,2024-04-25,Science,2023-07-09
Udell Hassin,Male,1993-04-22,65,0,OBC,false,Other,false,2023-08-04,Commerce,2023-10-09
Roanna Cisson,Female,1990-09-25,45,2,General,false,Financial,false,2023-11-23,Other,2023-12-22
Chrissy Merrigans,Male,2015-04-01,56,0,OBC,true,Health,false,2024-01-22,Arts,2024-03-09
Leighton Camilleri,Male,1987-03-14,37,12,General,true,Financial,true,2024-03-16,Commerce,2023-09-17
Sigismond MacCumiskey,Male,1986-11-12,41,11,General,false,Financial,false,2024-04-18,Arts,2023-05-15
Sunny Mardlin,Male,2010-11-19,29,12,SC,true,Financial,true,2023-07-03,Arts,2023-09-14
Hephzibah Padgett,Bigender,2009-05-24,61,5,ST,false,Other,false,2024-02-08,Arts,2024-03-13
Adolphus Saket,Male,2000-11-14,61,7,SC,true,Other,false,2024-01-12,Science,2023-06-24
Otha Bagge,Female,1991-09-22,27,9,ST,false,Other,true,2023-07-08,Commerce,2024-04-06
Adrian Worham,Female,1998-06-12,53,0,OBC,false,Other,false,2024-01-27,Arts,2023-10-20
Sander O'Keaveny,Male,1989-07-09,32,3,General,true,Family,false,2023-08-18,Other,2024-04-12
Ichabod Moutray Read,Male,2001-10-26,64,6,ST,true,Health,false,2023-10-09,Other,2023-12-20
Jemmy Puddan,Female,1991-10-12,67,12,Other,false,Health,false,2023-05-04,Other,2023-10-17
Tyrus Wimbury,Male,1996-07-06,28,0,ST,true,Other,true,2023-10-06,Commerce,2023-10-02
Vanna Dominichelli,Female,2005-01-04,10,12,General,false,Health,true,2024-03-20,Commerce,2023-12-13
Babbie Bawme,Female,2011-05-29,51,10,SC,false,Health,false,2024-02-28,Other,2023-12-14
Dev Fielden,Male,2010-03-05,51,11,OBC,true,Health,false,2023-09-11,Science,2023-07-05
Kahlil Gamett,Male,2009-08-06,17,6,ST,false,Other,true,2023-11-30,Arts,2023-10-05
Peder Whitsun,Male,2011-06-25,54,1,General,false,Family,true,2023-12-13,Arts,2023-07-17
Kerby Betancourt,Male,1994-08-12,43,8,SC,false,Other,true,2024-02-18,Other,2024-03-10
Tanny Duddin,Male,2001-12-07,63,8,SC,false,Family,false,2024-02-11,Science,2023-06-03
Somerset Poultney,Male,1983-11-10,66,7,General,false,Other,false,2023-10-23,Commerce,2024-03-24
Georgianne Poetz,Female,1984-09-21,10,1,SC,true,Financial,true,2024-01-18,Commerce,2023-10-09
Caryl Mertgen,Male,1982-09-22,57,10,General,true,Financial,true,2023-12-23,Arts,2024-03-27
Nikoletta Malthouse,Female,1984-05-04,11,8,SC,true,Other,false,2024-03-26,Commerce,2023-06-28
Agathe LLelweln,Female,2014-03-06,46,10,SC,true,Financial,false,2023-12-27,Commerce,2024-04-18
Kylie Fenn,Female,1996-07-06,13,1,ST,false,Other,false,2024-02-09,Other,2024-02-08
Chris Hatchett,Female,1989-08-22,31,4,SC,true,Health,false,2024-03-20,Arts,2023-09-21
Lilia Perott,Female,2010-06-30,41,10,OBC,true,Family,false,2023-05-25,Science,2023-06-09
Petronia Velte,Female,2003-02-19,70,10,Other,false,Family,true,2023-09-12,Other,2024-03-01
Thadeus Hazeldine,Male,1980-12-08,45,7,General,false,Family,true,2023-08-06,Arts,2023-07-27
Juliann Duxbury,Female,1999-08-29,42,2,SC,false,Health,false,2024-01-10,Science,2024-04-28
Bale Hadingham,Male,1983-04-16,27,7,SC,false,Health,false,2023-07-05,Other,2024-02-15
Ozzy Bachmann,Polygender,1994-02-19,18,2,OBC,false,Financial,false,2024-02-04,Other,2023-05-15
Gaspar Bunston,Male,2009-12-22,64,6,SC,false,Health,false,2024-03-04,Arts,2023-06-07
Cirilo Biasotti,Male,2005-10-07,47,4,SC,true,Family,true,2023-05-06,Other,2023-11-04
Bald Trelevan,Male,1996-01-18,44,6,Other,false,Health,true,2023-11-04,Arts,2024-01-30
Isa McGeaney,Male,2002-08-29,14,0,Other,true,Health,false,2024-01-06,Science,2024-01-17
Chere Littledike,Female,2001-01-28,63,1,ST,false,Financial,true,2024-03-04,Commerce,2023-09-03
Dawna Sproule,Female,2001-09-26,12,10,SC,false,Family,false,2023-12-18,Commerce,2023-10-19
Nickolai Gabler,Male,1999-03-18,14,2,OBC,true,Financial,false,2024-02-15,Commerce,2023-08-22
Farrand Reaman,Female,1996-03-22,45,2,ST,false,Other,true,2023-09-17,Arts,2023-09-25
Britt Grealy,Non-binary,1994-03-26,57,4,Other,false,Financial,true,2023-12-04,Other,2024-01-09
Niels Ebbers,Male,2017-10-24,28,12,General,false,Financial,false,2023-09-26,Arts,2023-05-17
Panchito Fergusson,Male,1991-02-21,28,7,Other,true,Health,true,2024-04-26,Commerce,2023-08-28
Sancho Kroll,Male,2010-12-31,37,11,ST,true,Financial,true,2023-12-12,Science,2023-12-31
Blake Percy,Male,2004-10-29,68,11,OBC,true,Financial,true,2023-11-28,Other,2023-06-01
Aveline Fishenden,Female,1991-11-30,62,7,OBC,false,Other,true,2023-09-01,Commerce,2023-09-12
Hollis Sreenan,Male,2000-04-30,37,3,OBC,true,Financial,true,2023-06-08,Arts,2024-01-18
Amalia Dedam,Female,1991-01-11,69,6,General,true,Financial,false,2023-08-02,Other,2023-11-12
Gallagher Stonbridge,Male,1980-09-07,48,7,General,false,Health,false,2023-09-30,Science,2023-09-09
Egbert Yashaev,Male,1988-06-16,39,11,General,false,Financial,false,2023-10-27,Other,2023-09-24
Loralee Vondruska,Female,1993-12-22,49,7,OBC,true,Other,true,2023-07-04,Other,2024-02-26
Bobette Kemmey,Female,1987-02-21,39,7,Other,true,Financial,false,2023-12-04,Commerce,2024-01-06
Chandra Konrad,Female,2009-01-25,58,1,General,true,Family,true,2023-06-11,Commerce,2023-08-17
Spense Dering,Male,1984-11-24,35,0,OBC,true,Family,false,2024-02-21,Other,2023-07-31
Antin St Leger,Male,1987-11-20,69,10,ST,true,Other,false,2024-01-13,Arts,2023-10-03
Dorita Childe,Female,2017-01-23,11,1,ST,false,Health,true,2023-11-09,Arts,2024-01-07
Ettie Dewbury,Female,1996-03-12,22,12,ST,false,Health,true,2023-11-12,Science,2023-05-19
Nanon Carrack,Female,2000-06-13,16,9,OBC,true,Other,true,2023-08-23,Other,2024-04-06
Basilio Coal,Male,1989-05-04,23,4,OBC,true,Health,true,2023-12-01,Science,2023-12-06
Wanda Rosevear,Female,1983-07-21,23,9,General,false,Other,false,2024-03-15,Commerce,2023-05-07
Isiahi Lambrechts,Male,1996-05-24,34,5,ST,true,Family,true,2023-07-24,Science,2023-06-19
Millard Collinson,Male,1986-01-24,45,3,Other,false,Financial,false,2024-02-12,Science,2023-12-26
Norbert Drennan,Genderfluid,2000-11-14,13,9,General,false,Family,true,2023-10-13,Science,2024-01-09
Tammy Devaney,Male,2015-11-05,68,4,Other,false,Health,true,2023-08-26,Arts,2023-12-13
Helaine Eliaz,Genderqueer,1988-11-06,58,3,General,true,Financial,false,2023-12-28,Other,2023-06-14
Blondell Gumary,Female,2007-01-08,70,9,Other,false,Financial,false,2023-07-25,Other,2024-03-27
Cory Oventon,Male,2019-12-16,38,6,SC,true,Health,false,2023-11-05,Other,2023-07-06
Jemie Dunseath,Bigender,2002-08-04,22,12,General,false,Family,true,2024-03-21,Commerce,2023-11-20
Magnum Emerton,Male,1992-06-13,40,0,OBC,true,Financial,false,2024-04-29,Science,2023-08-18
Annabella Boadby,Female,2011-07-16,50,1,SC,true,Financial,true,2023-06-19,Arts,2023-09-07
Miguel Jennins,Male,2008-12-22,58,2,SC,true,Family,false,2023-06-05,Commerce,2024-02-17
Madella Dunston,Non-binary,1995-02-26,40,3,SC,true,Other,false,2023-08-08,Other,2024-02-06
Donn Derham,Male,1992-11-06,63,12,General,true,Health,false,2023-12-05,Commerce,2024-02-16
Marsh Boyett,Male,2013-04-10,34,3,ST,true,Family,true,2024-04-14,Arts,2024-02-13
Davie Chew,Male,2017-10-23,43,4,SC,false,Family,true,2023-08-23,Other,2024-01-28
Demetris Ambrogio,Non-binary,2011-12-01,20,7,Other,true,Other,false,2024-03-14,Science,2023-12-07
Corny Kinnerley,Female,1995-07-22,44,3,SC,true,Financial,false,2024-04-14,Science,2024-02-16
Elene Gibbard,Female,2012-05-09,48,1,OBC,false,Family,false,2023-11-25,Science,2023-08-26
Gunner Fettiplace,Male,2014-06-15,61,0,General,false,Financial,false,2023-09-25,Science,2023-09-21
Sanford Teasdale,Non-binary,1982-04-03,70,6,General,true,Health,false,2023-11-04,Arts,2024-01-17
Kipp Wight,Male,2005-08-29,48,3,OBC,false,Family,true,2023-08-23,Commerce,2023-05-12
Carr Clayton,Male,2009-05-16,15,3,General,false,Financial,false,2024-04-03,Commerce,2023-07-03
Anatola Poyner,Female,1991-05-01,21,12,SC,false,Other,true,2023-05-27,Arts,2023-11-15
Hyacinthia Featherby,Female,2016-03-31,63,12,ST,true,Financial,false,2023-09-06,Other,2023-08-12
Britteny Sandy,Female,1994-08-27,68,12,SC,true,Health,true,2023-05-13,Science,2023-09-27
Coreen Leveritt,Female,1998-02-08,20,2,ST,false,Other,true,2023-07-18,Science,2024-01-14
Ezequiel Fairbeard,Male,2000-02-11,68,10,SC,false,Other,true,2023-12-08,Other,2024-01-31
Georgianna Nazaret,Female,1987-06-03,25,0,ST,true,Financial,true,2024-01-16,Science,2023-06-14
Gabbie Waycot,Male,2017-03-31,61,4,OBC,false,Other,true,2023-08-01,Arts,2023-09-17
Lorin Baudone,Male,1988-06-03,27,3,Other,false,Health,true,2024-04-10,Science,2023-09-04
Klaus Blastock,Male,2014-09-03,62,9,ST,false,Financial,true,2023-06-30,Arts,2023-12-05
Sumner Wife,Male,1986-12-23,23,1,ST,true,Health,true,2023-08-26,Other,2023-06-23
Saunders Osboldstone,Male,1984-02-02,51,4,Other,false,Family,false,2024-03-29,Other,2024-02-26
Helen-elizabeth Juggings,Female,2011-01-22,42,11,General,false,Health,true,2024-03-20,Commerce,2023-12-16
Austin Lindell,Male,1993-05-21,32,10,Other,true,Other,true,2024-04-10,Arts,2023-05-11
Giacobo Clemenzo,Male,2016-07-18,61,11,General,false,Financial,true,2023-10-13,Commerce,2023-07-21
Talya Tallon,Female,1983-04-28,12,10,Other,false,Financial,false,2023-11-25,Other,2023-08-21
Kareem Giraudou,Male,2009-07-28,68,10,OBC,false,Health,true,2023-11-27,Science,2024-01-30
Allen Titta,Male,1990-08-27,70,5,ST,true,Health,true,2024-02-15,Commerce,2024-01-05
Tybi Hearfield,Genderqueer,2009-03-31,13,11,OBC,true,Family,true,2023-12-12,Science,2023-12-17
Anders Enoch,Genderqueer,1996-08-17,18,3,General,false,Financial,false,2023-08-08,Science,2024-02-02
Jack Wapplington,Male,1990-04-14,42,10,General,false,Financial,true,2024-03-25,Arts,2023-05-30
Shelia Lewendon,Female,1980-11-30,52,7,SC,false,Health,false,2023-12-10,Science,2023-06-24
Dorothea Hebbron,Female,2018-07-15,35,6,General,false,Family,false,2023-10-10,Commerce,2023-11-01
Milissent Reville,Female,2006-12-13,25,6,SC,false,Financial,false,2024-02-09,Arts,2023-05-29
Vincenz Tellenbrok,Male,2012-12-21,19,8,OBC,false,Health,false,2024-01-24,Other,2023-09-13
Ezri Tales,Male,2000-08-08,42,8,ST,true,Financial,false,2023-07-25,Commerce,2023-05-28
Morty Meegan,Genderfluid,2017-06-04,12,4,General,true,Family,false,2023-12-30,Arts,2023-11-19
Mollee Calvie,Agender,2015-01-03,41,9,ST,false,Other,true,2024-02-02,Arts,2023-05-11
Devin Reichartz,Male,1999-09-30,17,12,General,false,Other,false,2023-08-27,Science,2023-05-15
Bryna MacGorrie,Female,2003-10-29,23,9,OBC,true,Health,true,2024-04-26,Commerce,2024-01-30
Riley Mulliner,Bigender,1996-10-16,67,6,General,true,Family,true,2023-07-02,Other,2024-03-28
Agata Pasquale,Female,1992-11-25,28,11,OBC,false,Family,true,2024-01-15,Other,2024-02-13
Brittney Sacase,Female,2009-11-16,58,8,General,true,Financial,true,2023-07-18,Arts,2024-01-25
Arman Petican,Male,1985-05-24,31,4,General,false,Financial,true,2023-06-23,Commerce,2023-09-22
Janessa Tipens,Female,2000-09-24,10,4,OBC,true,Financial,false,2024-04-14,Science,2024-04-19
Mag Klosges,Female,1984-05-20,50,4,OBC,true,Financial,true,2023-11-20,Other,2023-10-09
Tobe Schooling,Female,1995-12-07,19,7,OBC,false,Family,false,2024-01-07,Arts,2024-01-24
Martelle Storrah,Female,1998-06-17,15,2,SC,true,Other,false,2023-08-09,Other,2024-03-04
Sigfried Crawley,Male,1992-05-08,61,4,ST,true,Health,false,2024-03-28,Arts,2023-12-13
Lucretia Veitch,Female,2010-05-12,70,1,SC,true,Health,true,2023-05-11,Other,2023-08-30
Alyda McCrum,Female,2009-03-20,28,5,Other,true,Other,false,2023-08-19,Science,2023-06-17
Heddie Kelloch,Female,2019-01-26,55,4,ST,false,Other,false,2024-01-20,Commerce,2024-03-30
Cointon Trenam,Male,1998-03-16,64,12,OBC,false,Health,true,2024-03-17,Other,2024-02-13
Monah Plaice,Female,1982-12-07,11,4,General,true,Health,false,2024-04-23,Arts,2023-10-17
Margot Matushenko,Female,1984-01-09,11,1,SC,false,Family,true,2023-11-13,Science,2024-04-23
Lionello Simoes,Male,1982-11-16,42,5,OBC,false,Family,false,2023-11-24,Other,2024-03-04
Laurie Plaxton,Female,1982-11-02,27,3,Other,true,Health,true,2023-12-01,Science,2023-08-16
Alina Claughton,Female,2002-11-28,52,4,General,true,Family,false,2023-06-06,Arts,2023-11-22
Elsinore Tomsett,Female,2000-12-11,67,9,OBC,false,Health,false,2023-07-16,Arts,2023-10-29
Maye Matuszyk,Female,1996-02-08,35,2,General,false,Financial,false,2024-01-04,Commerce,2023-09-17
Sayre Danigel,Female,2012-02-11,59,10,SC,false,Health,false,2024-04-07,Arts,2023-06-02
Eloisa Vowells,Female,2002-07-11,12,9,Other,true,Health,false,2023-09-01,Commerce,2023-07-14
Hamilton Ghelardoni,Male,2000-04-02,54,2,OBC,true,Financial,true,2024-04-27,Other,2023-07-21
Arielle Pullen,Female,1994-12-15,69,6,SC,false,Financial,true,2023-07-23,Arts,2023-12-05
Allina Slyman,Female,2013-09-15,44,12,ST,false,Family,true,2024-04-06,Other,2024-03-24
Johny Nore,Male,1999-12-23,68,5,OBC,true,Health,false,2024-02-23,Commerce,2023-09-03
Berky Huntress,Male,1991-10-11,40,0,General,true,Financial,true,2024-02-14,Other,2023-12-05
Onfroi Fawloe,Male,2008-10-28,31,3,General,true,Family,true,2024-02-04,Commerce,2023-07-12
Georgi Reen,Male,2004-03-21,26,10,Other,true,Family,false,2023-05-04,Other,2023-09-24
Jewelle Brantzen,Female,1998-09-20,63,4,General,true,Family,false,2023-08-06,Science,2024-01-29
Roderigo Farrens,Male,1983-10-24,70,12,Other,false,Financial,false,2024-04-11,Science,2024-01-28
Morgen Lindsell,Male,2005-03-13,16,9,General,false,Financial,true,2023-10-17,Science,2023-11-18
Sauncho Sandels,Male,2008-07-16,53,7,OBC,false,Financial,false,2023-11-24,Arts,2023-07-16
Livia Stockall,Female,1999-05-31,26,1,OBC,true,Health,false,2023-12-01,Arts,2024-04-01
Eward Linkleter,Male,2000-02-18,57,0,ST,false,Health,true,2024-02-24,Arts,2024-04-16
Gare Sanson,Male,1985-09-04,19,0,ST,false,Health,false,2024-01-20,Arts,2023-05-23
Erminia Beau,Female,2009-03-31,17,8,ST,true,Financial,false,2023-10-27,Arts,2023-11-18
Nataniel Shakesbye,Male,1991-11-08,11,5,OBC,false,Health,false,2023-08-06,Commerce,2024-04-14
Flint Lukins,Male,1985-03-27,46,3,OBC,false,Health,true,2023-06-21,Commerce,2023-09-02
Mommy Cooley,Female,2015-01-24,27,11,OBC,false,Health,true,2023-06-22,Commerce,2024-03-29
Alfie Skitral,Bigender,2016-10-27,65,1,General,false,Health,true,2023-10-01,Science,2024-04-02
Xylina Rookledge,Female,2020-01-23,44,6,OBC,true,Family,false,2024-04-13,Arts,2024-02-14
Dirk Savaage,Male,2012-01-07,61,4,SC,true,Health,false,2024-01-24,Other,2024-01-08
Bernete Peter,Female,1980-06-10,64,10,SC,false,Family,false,2024-02-09,Other,2023-12-24
Lorilee Reisenstein,Female,1994-07-28,56,12,ST,true,Financial,false,2023-07-27,Science,2023-09-03
Allis De Meis,Female,1980-12-27,27,5,Other,false,Family,false,2023-05-08,Arts,2024-01-09
Kurt Grewe,Male,1981-12-25,41,5,SC,false,Family,false,2023-12-18,Other,2024-03-12
Evita Delleschi,Female,1996-12-10,44,9,General,true,Financial,true,2024-04-23,Arts,2023-09-03
Cesya Garrat,Female,2005-09-26,61,9,SC,false,Family,true,2024-04-14,Science,2023-05-02
Uri Dockray,Male,2003-09-25,15,4,General,true,Financial,false,2023-10-28,Other,2024-03-09
Barthel Safhill,Male,2002-04-26,23,2,ST,false,Financial,false,2023-05-28,Other,2024-04-10
Maurizia Bront,Female,2012-11-10,68,5,OBC,true,Family,true,2023-12-05,Commerce,2023-09-24
Chevy Monkley,Male,2016-02-26,59,2,ST,false,Other,false,2024-03-22,Commerce,2023-08-05
Grazia Brookson,Female,1989-05-06,52,12,General,false,Health,true,2024-01-29,Arts,2023-06-02
Ileane Sibbs,Female,1983-08-24,58,8,OBC,true,Family,false,2023-08-16,Other,2023-10-13
Tallia Blench,Non-binary,2002-09-23,52,9,OBC,false,Family,false,2024-04-28,Science,2024-01-23
Anselm Tuttiett,Male,2002-04-25,69,10,ST,false,Other,true,2023-11-30,Other,2024-03-05
Toddy MacCafferty,Male,2014-04-19,59,7,General,false,Family,false,2024-02-29,Science,2023-10-06
Byron Gliddon,Male,1997-07-21,43,4,SC,true,Family,false,2023-11-15,Other,2023-12-22
Geri Labeuil,Female,2006-05-26,19,10,ST,true,Other,true,2023-05-13,Commerce,2023-09-13
Jaime Bardey,Male,2018-01-15,42,4,ST,true,Other,false,2023-07-25,Arts,2023-11-16
Faina Scatchard,Female,2019-11-08,42,6,ST,false,Financial,false,2024-04-12,Science,2023-07-23
Fredek Boswell,Male,2016-10-15,20,11,Other,false,Financial,true,2023-09-04,Other,2023-05-31
Valeda Dilkes,Female,1984-08-01,16,11,General,true,Financial,false,2024-02-01,Science,2024-03-24
Loralee Sherrington,Female,2009-11-06,55,4,OBC,false,Health,true,2024-01-14,Commerce,2024-02-02
Nadine Braunstein,Female,1997-02-16,56,0,General,false,Health,false,2024-01-20,Arts,2024-01-24
Hatty Leas,Female,1988-07-13,25,7,ST,false,Other,false,2023-10-23,Arts,2023-11-20
Kamila Ciciura,Female,2005-10-05,54,0,ST,false,Family,true,2024-03-18,Science,2023-06-06
Mel Turmel,Female,2020-04-20,70,8,Other,false,Financial,true,2023-05-13,Arts,2023-12-29
Ceciley Stowell,Female,1991-08-29,62,4,ST,true,Health,true,2023-10-05,Arts,2024-03-05
Hilly Walentynowicz,Male,1983-01-25,17,12,General,false,Family,false,2023-11-10,Science,2023-12-26
Dale Boulder,Female,2004-05-12,10,9,ST,false,Other,false,2024-02-05,Arts,2023-07-02
Bebe Greydon,Female,2002-01-08,61,0,ST,false,Financial,true,2023-08-06,Other,2023-10-24
Nat Pablo,Female,1990-06-05,57,0,General,true,Health,false,2023-07-23,Other,2023-07-10
Hedy Biagi,Female,2008-12-05,35,6,General,true,Health,true,2023-05-23,Other,2023-12-16
Wally Pavel,Male,1991-01-05,15,1,OBC,true,Health,true,2023-09-12,Commerce,2023-12-01
Honor MacNeilage,Female,1990-07-18,50,3,Other,true,Other,true,2024-01-02,Other,2023-12-13
Poul Morfield,Male,2009-05-27,64,9,SC,false,Health,false,2023-12-18,Science,2023-06-04
Zaria Rackham,Female,1999-08-29,39,9,Other,false,Other,true,2024-02-27,Science,2023-12-31
Giacopo Tabrett,Male,2012-10-29,61,10,ST,false,Family,false,2023-05-11,Science,2024-02-21
Raymond Yosselevitch,Male,1988-05-25,18,2,OBC,true,Financial,false,2024-03-08,Other,2023-12-30
Teresa Doiley,Female,1990-03-08,31,3,OBC,false,Health,false,2024-04-24,Arts,2023-06-18
Matt Rotte,Male,1986-05-21,34,6,Other,true,Health,false,2024-02-18,Other,2024-02-14
Clareta Haggath,Agender,2018-06-11,14,2,SC,false,Health,false,2024-04-23,Commerce,2023-06-22
Roxana Cregin,Female,1982-06-25,33,9,Other,true,Family,false,2023-11-26,Other,2023-08-10
Cherise Pristnor,Female,1998-01-23,20,10,OBC,true,Other,true,2023-10-11,Other,2024-01-21
Blondelle Warcup,Female,2014-02-11,30,9,ST,true,Financial,false,2023-08-06,Other,2023-06-24
Daffy Baline,Female,2010-12-01,60,10,OBC,true,Health,false,2023-05-20,Science,2024-02-24
Guthry Pelman,Male,2000-12-01,24,10,SC,false,Other,false,2023-05-23,Other,2023-06-25
Jasmine Dallywater,Female,2006-10-19,17,2,OBC,true,Family,false,2023-05-07,Science,2024-01-26
Nickie Maybery,Male,2008-10-22,52,7,General,true,Health,false,2024-01-11,Arts,2024-01-31
Alain Cossey,Male,1988-08-02,19,5,General,true,Financial,false,2024-04-21,Arts,2023-08-21
Bogart Benardeau,Male,2003-02-05,68,1,ST,true,Health,true,2024-01-26,Commerce,2023-08-06
Antonina Mawdsley,Female,2001-05-04,43,5,Other,false,Family,false,2023-08-12,Commerce,2024-04-09
Melva Benkin,Female,2014-05-28,56,9,OBC,false,Other,false,2024-01-15,Arts,2023-11-29
Clayton Ivankin,Non-binary,1996-02-03,42,12,General,true,Financial,true,2023-09-15,Other,2023-05-07
Cloe Romayne,Female,1990-08-27,50,6,Other,false,Financial,false,2023-09-13,Commerce,2023-05-01
Harold Posten,Male,2009-04-21,17,12,SC,true,Family,true,2023-06-05,Science,2023-12-26
Venus Crosswaite,Female,1994-07-10,57,8,General,true,Health,false,2024-01-17,Arts,2024-04-28
Joann Reede,Female,2005-11-21,64,6,OBC,true,Family,true,2023-08-01,Arts,2023-12-17
Amalie Sey,Female,1990-09-15,37,10,Other,false,Other,false,2023-10-07,Commerce,2023-11-28
Anet Ducker,Female,2005-05-29,47,7,OBC,true,Other,false,2023-05-10,Science,2023-08-21
Shelia Matas,Female,2016-11-09,20,6,OBC,true,Other,true,2023-10-16,Commerce,2023-05-17
Benjy Warret,Male,2019-12-23,66,6,Other,true,Financial,false,2023-10-05,Other,2023-09-21
Lilyan Davydoch,Female,2007-11-27,42,10,ST,true,Family,false,2023-06-26,Other,2023-07-09
Adina Steaning,Female,2016-02-19,23,5,OBC,false,Health,false,2024-03-26,Arts,2024-01-06
Eduino Hundey,Male,2014-01-05,70,11,Other,false,Financial,true,2023-06-12,Arts,2023-05-23
Craggie Kolinsky,Agender,2004-09-29,52,9,OBC,true,Other,true,2023-08-18,Arts,2023-06-10
Gib Maisey,Male,2011-03-08,24,12,ST,true,Financial,true,2023-10-05,Other,2023-09-29
Shandie Negus,Female,2013-07-10,19,10,General,false,Financial,false,2023-09-03,Science,2024-01-27
Lilias Brussels,Female,2004-01-04,59,6,SC,true,Financial,true,2024-04-14,Science,2024-02-16
Brandi Bruhnicke,Non-binary,2009-11-29,65,8,OBC,false,Other,true,2023-08-09,Commerce,2024-01-23
Chickie Gibbs,Male,1998-05-02,41,6,ST,true,Health,true,2023-06-02,Arts,2024-01-08
Aurlie McGreary,Female,1997-06-09,66,12,General,false,Other,false,2023-08-21,Science,2024-03-08
Tammi Novotne,Female,1994-06-03,33,9,OBC,true,Other,false,2023-09-08,Other,2023-09-06
Elia Upham,Male,2010-05-02,22,12,General,true,Financial,true,2023-05-25,Arts,2023-06-15
Muire Chalkly,Polygender,1991-04-18,37,11,General,true,Financial,true,2023-11-21,Science,2023-10-19
Ronald Toffetto,Male,1993-03-15,56,5,SC,false,Financial,true,2023-09-02,Arts,2024-02-07
Meredeth Crumbleholme,Non-binary,1992-09-13,42,6,General,true,Financial,true,2024-03-13,Commerce,2023-09-25
Wolfy Lant,Male,1987-10-06,51,1,General,true,Family,true,2023-05-07,Commerce,2023-07-18
